category,relationship_type,description,wikidata_property,directionality,parent_relationship,specificity_level,lcc_code,lcsh_heading,fast_id,status,note,source,version,lifecycle_status,reify_as,cidoc_crm_code,cidoc_crm_kind,wikidata_label,crminf_applicable,mapping_source,wikidata_description,wikidata_datatype,wikidata_alt_labels,wikidata_role_qualifier_object_pid,wikidata_role_qualifier_subject_pid
Application,DERIVED_FROM,Material extracted or derived from source organism,,forward,,1,T,Technology,1145002,active,Material extraction from biological source,discovery_schema,1.0,candidate,,,,,false,,,,,,
Application,DERIVES_MATERIAL,Source organism used to derive material,,inverse,,1,T,Technology,1145002,active,Inverse of DERIVED_FROM,discovery_schema,1.0,candidate,,,,,false,,,,,,
Application,DYED_BY,Dye used to dye object,,inverse,,1,T,Technology,1145002,active,Inverse of DYED_WITH,discovery_schema,1.0,candidate,,,,,false,,,,,,
Application,DYED_WITH,Object dyed with dye or pigment,,forward,,1,T,Technology,1145002,active,Dyeing/tinting relationship,discovery_schema,1.0,candidate,,,,,false,,,,,,
Application,MATERIAL_IN,Material used in,P186,inverse,,1,T,Technology,1145002,active,,bidirectional_csv,1.0,implemented,PROPERTY,P45_consists_of,PROPERTY,made from material,false,relationship_types_seed.cypher,material the subject or the object is made of or derived from (do not confuse with P10672 which is used for processes),wikibase-item,medium | made from | constructed from | constructed out of | construction material | media | built from | built out of | manufactured from | manufactured out of | crafted from | crafted out of | formed from | formed out of | made of | ore | source material | raw material | feedstock | reactant | ingredient | ingredients | made in | be made in | material used | made of material,,
Application,MATERIAL_USED,Made from,P186,forward,,1,T,Technology,1145002,active,,bidirectional_csv,1.0,implemented,PROPERTY,P45i_is_incorporated_in,PROPERTY,made from material,false,relationship_types_seed.cypher,material the subject or the object is made of or derived from (do not confuse with P10672 which is used for processes),wikibase-item,medium | made from | constructed from | constructed out of | construction material | media | built from | built out of | manufactured from | manufactured out of | crafted from | crafted out of | formed from | formed out of | made of | ore | source material | raw material | feedstock | reactant | ingredient | ingredients | made in | be made in | material used | made of material,,
Application,PRODUCED_IN,Material produced or manufactured in location,,forward,,1,T,Technology,1145002,active,Production location for materials,discovery_schema,1.0,candidate,,,,,false,,,,,,
Application,PRODUCES_MATERIAL,Location produces this material,,inverse,,1,T,Technology,1145002,active,Inverse of PRODUCED_IN,discovery_schema,1.0,candidate,,,,,false,,,,,,
Application,USE,Used for,P366,forward,,1,T,Technology,1145002,active,,bidirectional_csv,1.0,implemented,PROPERTY,P101_had_as_general_use,PROPERTY,has use,false,relationship_types_seed.cypher,main use of the subject (includes current and former usage),wikibase-item,function | role | mission | purpose | utility | used for | used in | usage | used as | as | unit mission | use | can be used for | has purpose | has function | had use | have use | for,,
Application,USED_BY,Used by entity,P366,inverse,,1,T,Technology,1145002,active,,bidirectional_csv,1.0,implemented,PROPERTY,P101i_was_use_of,PROPERTY,has use,false,relationship_types_seed.cypher,main use of the subject (includes current and former usage),wikibase-item,function | role | mission | purpose | utility | used for | used in | usage | used as | as | unit mission | use | can be used for | has purpose | has function | had use | have use | for,,
Attribution,ANALYZES,Citation provides analysis of entity,,forward,,1,Z,Bibliography,831351,active,,bidirectional_csv,1.0,implemented,OPTIONAL_EVENT,I5_Inference_Making + J3,,,true,relationship_types_seed.cypher,,,,,
Attribution,ATTRIBUTED_TO,Citation attributed to author,,forward,,1,Z,Bibliography,831351,active,,bidirectional_csv,1.0,implemented,OPTIONAL_EVENT,I7_Belief_Adoption + J6,,,true,relationship_types_seed.cypher,,,,,
Attribution,DESCRIBES,Citation describes entity/event,,forward,,1,Z,Bibliography,831351,active,,bidirectional_csv,1.0,implemented,OPTIONAL_EVENT,I7_Belief_Adoption + J7,,,true,relationship_types_seed.cypher,,,,,
Attribution,EXTRACTED_FROM,Citation extracted from work,,forward,,1,Z,Bibliography,831351,active,,bidirectional_csv,1.0,implemented,OPTIONAL_EVENT,I7_Belief_Adoption + J6,,,true,relationship_types_seed.cypher,,,,,
Attribution,INTERPRETS,Citation interprets entity/event,,forward,,1,Z,Bibliography,831351,active,,bidirectional_csv,1.0,implemented,OPTIONAL_EVENT,I5_Inference_Making + J3,,,true,relationship_types_seed.cypher,,,,,
Attribution,MENTIONS,Citation mentions entity,,forward,,1,Z,Bibliography,831351,active,,bidirectional_csv,1.0,implemented,OPTIONAL_EVENT,I7_Belief_Adoption + J7,,,true,relationship_types_seed.cypher,,,,,
Attribution,NAME,Has name,P2561,unidirectional,,1,Z,Bibliography,831351,active,,bidirectional_csv,1.0,implemented,PROPERTY,,,name,false,relationship_types_seed.cypher,name the subject is known by; preferably use a more specific subproperty if available,monolingualtext,aka | also known as | known as | label | be known as | be referred as | referred to as,,
Attribution,NAMED_AFTER,Named for,P138,forward,,1,Z,Bibliography,831351,active,,bidirectional_csv,1.0,implemented,PROPERTY,,,named after,false,relationship_types_seed.cypher,"entity or event that inspired the subject's name, or namesake (in at least one language). Qualifier ""applies to name"" (P5168) can be used to indicate which one",wikibase-item,eponym | named for | namesake | etymology | toponym | name after | named in honor of | name origin,,
Attribution,NAMESAKE_OF,Is namesake of,P138,inverse,,1,Z,Bibliography,831351,active,,bidirectional_csv,1.0,implemented,PROPERTY,,,named after,false,relationship_types_seed.cypher,"entity or event that inspired the subject's name, or namesake (in at least one language). Qualifier ""applies to name"" (P5168) can be used to indicate which one",wikibase-item,eponym | named for | namesake | etymology | toponym | name after | named in honor of | name origin,,
Attribution,QUOTES,Citation is direct quote from source,,forward,,1,Z,Bibliography,831351,active,,bidirectional_csv,1.0,implemented,OPTIONAL_EVENT,I7_Belief_Adoption + J7,,,true,relationship_types_seed.cypher,,,,,
Attribution,SUMMARIZES,Citation summarizes entity/event,,forward,,1,Z,Bibliography,831351,active,,bidirectional_csv,1.0,implemented,OPTIONAL_EVENT,I7_Belief_Adoption + J7,,,true,relationship_types_seed.cypher,,,,,
Authorship,ARCHITECT,Designed by,P84,forward,,1,PN,Authorship,821688,active,,bidirectional_csv,1.0,implemented,PROPERTY,P94_has_created,PROPERTY,architect,false,relationship_types_seed.cypher,person or architectural firm responsible for designing this building,wikibase-item,architecture firm,,
Authorship,AUTHOR,Created by,P50,forward,,1,PN,Authorship,821688,active,,bidirectional_csv,1.0,implemented,PROPERTY,P94_has_created,PROPERTY,author,false,relationship_types_seed.cypher,"main creator(s) of a written work (use on works, not humans); use P2093 (author name string) when Wikidata item is unknown or does not exist",wikibase-item,written by | writer | creator | playwright | poet | maker,,
Authorship,COMMISSIONED,Commissioned creation of work,,forward,,2,PN,Authorship,821688,active,,bidirectional_csv,1.0,implemented,EVENT,E7_Activity,CLASS,,false,relationship_types_seed.cypher,,,,,
Authorship,COMMISSIONED_BY,Work commissioned by,,inverse,,2,PN,Authorship,821688,active,,bidirectional_csv,1.0,implemented,EVENT,E7_Activity,CLASS,,false,relationship_types_seed.cypher,,,,,
Authorship,COMPOSER,Composed by,P86,forward,,1,PN,Authorship,821688,active,,bidirectional_csv,1.0,implemented,PROPERTY,P94_has_created,PROPERTY,composer,false,relationship_types_seed.cypher,"person(s) who wrote the music [for lyricist, use ""lyrics by"" (P676)]",wikibase-item,songwriter | composed by | musical score by | music by | written by | film score by | soundtrack by | original music composer,,
Authorship,COMPOSITION_OF,Composed by,P86,inverse,,1,PN,Authorship,821688,active,,bidirectional_csv,1.0,implemented,PROPERTY,P94i_was_created_by,PROPERTY,composer,false,relationship_types_seed.cypher,"person(s) who wrote the music [for lyricist, use ""lyrics by"" (P676)]",wikibase-item,songwriter | composed by | musical score by | music by | written by | film score by | soundtrack by | original music composer,,
Authorship,CREATION_OF,Created by,P170,inverse,,1,PN,Authorship,821688,active,,bidirectional_csv,1.0,implemented,PROPERTY,P94i_was_created_by,PROPERTY,creator,false,relationship_types_seed.cypher,maker of this creative work or other object (where no more specific property exists),wikibase-item,artist (non-musical) | created by | painter | sculptor | made by | painted by | sculpted by | visual artist | art by | artwork by | art work by | realized by | realised by | drawer | drawn by | by | original author,,
Authorship,CREATOR,Created by,P170,forward,,1,PN,Authorship,821688,active,,bidirectional_csv,1.0,implemented,PROPERTY,P94_has_created,PROPERTY,creator,false,relationship_types_seed.cypher,maker of this creative work or other object (where no more specific property exists),wikibase-item,artist (non-musical) | created by | painter | sculptor | made by | painted by | sculpted by | visual artist | art by | artwork by | art work by | realized by | realised by | drawer | drawn by | by | original author,,
Authorship,DESIGNED,Architect designed,P84,inverse,,1,PN,Authorship,821688,active,,bidirectional_csv,1.0,implemented,PROPERTY,P94i_was_created_by,PROPERTY,architect,false,relationship_types_seed.cypher,person or architectural firm responsible for designing this building,wikibase-item,architecture firm,,
Authorship,DISCOVERED_BY,Discovered by,P61,forward,,1,PN,Authorship,821688,active,,bidirectional_csv,1.0,implemented,EVENT,E13_Attribute_Assignment,CLASS,discoverer or inventor,false,relationship_types_seed.cypher,"subject who discovered, first described, invented, or developed this discovery or invention or scientific hypothesis or theory",wikibase-item,inventor | discoverer | inventor or discoverer | developer | first described | invented by | created by | invented | discovered by | developed by | introduced by | devised by | first studied by,,
Authorship,DISCOVERER_OF,Person discovered,P61,inverse,,1,PN,Authorship,821688,active,,bidirectional_csv,1.0,implemented,EVENT,E13_Attribute_Assignment,CLASS,discoverer or inventor,false,relationship_types_seed.cypher,"subject who discovered, first described, invented, or developed this discovery or invention or scientific hypothesis or theory",wikibase-item,inventor | discoverer | inventor or discoverer | developer | first described | invented by | created by | invented | discovered by | developed by | introduced by | devised by | first studied by,,
Authorship,WORK_OF,Work created by,P50,inverse,,1,PN,Authorship,821688,active,,bidirectional_csv,1.0,implemented,PROPERTY,P94i_was_created_by,PROPERTY,author,false,relationship_types_seed.cypher,"main creator(s) of a written work (use on works, not humans); use P2093 (author name string) when Wikidata item is unknown or does not exist",wikibase-item,written by | writer | creator | playwright | poet | maker,,
Causality,ACTION_JUSTIFIED_BY,Action justified by claim,,inverse,CAUSED,2,BD,Causation,849680,active,,bidirectional_csv,1.0,implemented,PROPERTY,P17_was_motivated_by,PROPERTY,Motivation,false,relationship_types_seed.cypher,,,,,
Causality,CAUSED,Caused event,P828,unidirectional,,1,BD,Causation,849680,active,,bidirectional_csv,1.0,implemented,PROPERTY,P15i_influenced,PROPERTY,has cause,false,manual_curated_2026-02-13,"underlying cause, entity that ultimately resulted in this effect",wikibase-item,cause | has causes | has underlying cause | underlying cause | ultimate cause | ultimate causes | initial cause | effect of | outcome of | result of | has reason | reason | caused by | implied by | because | due to | originated due to | had cause | had reason | had underlying cause | why | start cause,,
Causality,CAUSED_BY,Caused by,P828,unidirectional,,1,BD,Causation,849680,active,,bidirectional_csv,1.0,implemented,PROPERTY,P15_was_influenced_by,PROPERTY,has cause,false,relationship_types_seed.cypher,"underlying cause, entity that ultimately resulted in this effect",wikibase-item,cause | has causes | has underlying cause | underlying cause | ultimate cause | ultimate causes | initial cause | effect of | outcome of | result of | has reason | reason | caused by | implied by | because | due to | originated due to | had cause | had reason | had underlying cause | why | start cause,,
Causality,CONTRIBUTED_BY,Outcome had this entity as contributing factor,P828,inverse,,1,BD,Causation,849680,active,,bidirectional_csv,1.0,implemented,PROPERTY,P15i_influenced,PROPERTY,has cause,false,relationship_types_seed.cypher,"underlying cause, entity that ultimately resulted in this effect",wikibase-item,cause | has causes | has underlying cause | underlying cause | ultimate cause | ultimate causes | initial cause | effect of | outcome of | result of | has reason | reason | caused by | implied by | because | due to | originated due to | had cause | had reason | had underlying cause | why | start cause,,
Causality,CONTRIBUTED_TO,Entity contributed as factor to outcome,P828,forward,,1,BD,Causation,849680,active,,bidirectional_csv,1.0,implemented,PROPERTY,P15i_influenced,PROPERTY,has cause,false,relationship_types_seed.cypher,"underlying cause, entity that ultimately resulted in this effect",wikibase-item,cause | has causes | has underlying cause | underlying cause | ultimate cause | ultimate causes | initial cause | effect of | outcome of | result of | has reason | reason | caused by | implied by | because | due to | originated due to | had cause | had reason | had underlying cause | why | start cause,,
Causality,JUSTIFIED_ACTION,Claimed justification for action,,forward,CAUSED,2,BD,Causation,849680,active,,bidirectional_csv,1.0,implemented,PROPERTY,P17i_motivated,PROPERTY,(Inverse motivation),false,relationship_types_seed.cypher,,,,,
Causality,MARKED_START,Event marked beginning of new period,,forward,CAUSED,2,BD,Causation,849680,active,,bidirectional_csv,1.0,implemented,PROPERTY,P134_continued,PROPERTY,Continuity relation,false,relationship_types_seed.cypher,,,,,
Causality,START_MARKED_BY,Period had its beginning marked by event,,inverse,CAUSED,2,BD,Causation,849680,active,,bidirectional_csv,1.0,implemented,PROPERTY,P134i_was_continued_by,PROPERTY,(Inverse continuity),false,relationship_types_seed.cypher,,,,,
Comparative,ADVANTAGE,Type has advantage,,forward,,1,T,Technology,1145002,active,Advantage descriptor,discovery_schema,1.0,candidate,,,,,false,,,,,,
Comparative,DISADVANTAGE,Type has disadvantage,,forward,,1,T,Technology,1145002,active,Disadvantage descriptor,discovery_schema,1.0,candidate,,,,,false,,,,,,
Comparative,INFERIOR_TO,Type is inferior to another type,,forward,,1,T,Technology,1145002,active,Inferiority comparison,discovery_schema,1.0,candidate,,,,,false,,,,,,
Comparative,SUPERIOR_TO,Type is superior to another type,,forward,,1,T,Technology,1145002,active,Superiority comparison,discovery_schema,1.0,candidate,,,,,false,,,,,,
Cultural,ASSIMILATED,Culture that absorbed another group,,inverse,,1,GN,Culture,885059,active,,extraction_appendix,1.0,implemented,EVENT,E7_Activity,CLASS,,false,relationship_types_seed.cypher,,,,,
Cultural,ASSIMILATED_TO,Group/people assimilated into another culture,,forward,,1,GN,Culture,885059,active,,extraction_appendix,1.0,implemented,EVENT,E7_Activity,CLASS,,false,relationship_types_seed.cypher,,,,,
Cultural,CLAIMS_HERITAGE_FROM,Group claims heritage from earlier polity,,forward,,1,GN,Culture,885059,active,,bidirectional_csv,1.0,implemented,EVENT,E7_Activity,CLASS,,false,relationship_types_seed.cypher,,,,,
Cultural,EVOLVED_FROM,Form evolved from another form,,inverse,,1,GN,Culture,885059,active,,bidirectional_csv,1.0,implemented,EVENT,E81_Transformation,CLASS,,false,relationship_types_seed.cypher,,,,,
Cultural,EVOLVED_INTO,Form evolved into another form,,forward,,1,GN,Culture,885059,active,,bidirectional_csv,1.0,implemented,EVENT,E81_Transformation,CLASS,,false,relationship_types_seed.cypher,,,,,
Cultural,HERITAGE_OF,Earlier polity is claimed heritage of later group,,inverse,,1,GN,Culture,885059,active,,bidirectional_csv,1.0,implemented,EVENT,E7_Activity,CLASS,,false,relationship_types_seed.cypher,,,,,
Cultural,MYTHIC_ORIGIN_OF,Mythic place is origin of group,,inverse,,1,GN,Culture,885059,active,,bidirectional_csv,1.0,implemented,PROPERTY,P67i_is_referred_to_by,PROPERTY,,false,relationship_types_seed.cypher,,,,,
Cultural,ORIGIN_MYTH,Group has mythic/legendary place of origin,,forward,,1,GN,Culture,885059,active,,bidirectional_csv,1.0,implemented,PROPERTY,P67_refers_to,PROPERTY,,false,relationship_types_seed.cypher,,,,,
Diplomatic,DIPLOMATIC_ACTION,,,,,,,,,active,Present in canonical seed but absent in source CSV,seed_only,1.0,implemented,EVENT,E7_Activity,CLASS,,false,relationship_types_seed.cypher,,,,,
Diplomatic,ACCEPTED_OFFER,Accepted diplomatic offer/proposal,,forward,,1,JZ,Diplomacy,894415,active,,extraction_appendix,1.0,implemented,EVENT,E7_Activity,CLASS,,false,relationship_types_seed.cypher,,,,,
Diplomatic,APPEALED_TO,Entity appealed/requested help from another,,forward,,1,JZ,Diplomacy,894415,active,,extraction_appendix,1.0,implemented,EVENT,E7_Activity,CLASS,,false,relationship_types_seed.cypher,,,,,
Diplomatic,NEGOTIATED_AGAINST,Counterpart negotiated with entity,,symmetric,RELATED_TO,3,JZ,Diplomacy,894415,active,,bidirectional_csv,1.0,implemented,EVENT,E7_Activity,CLASS,,false,relationship_types_seed.cypher,,,,,
Diplomatic,NEGOTIATED_WITH,Entity negotiated with counterpart,,symmetric,RELATED_TO,3,JZ,Diplomacy,894415,active,,bidirectional_csv,1.0,implemented,EVENT,E7_Activity,CLASS,,false,relationship_types_seed.cypher,,,,,
Diplomatic,OFFERED_SELF_TO,Offered themselves as subjects/allies to another entity,,forward,,1,JZ,Diplomacy,894415,active,,extraction_appendix,1.0,implemented,EVENT,E7_Activity,CLASS,,false,relationship_types_seed.cypher,,,,,
Diplomatic,OFFER_ACCEPTED_BY,Diplomatic offer was accepted by entity,,inverse,,1,JZ,Diplomacy,894415,active,,extraction_appendix,1.0,implemented,EVENT,E7_Activity,CLASS,,false,relationship_types_seed.cypher,,,,,
Diplomatic,OFFER_REJECTED_BY,Diplomatic offer was rejected by entity,,inverse,,1,JZ,Diplomacy,894415,active,,extraction_appendix,1.0,implemented,EVENT,E7_Activity,CLASS,,false,relationship_types_seed.cypher,,,,,
Diplomatic,RECEIVED_APPEAL_FROM,Entity received appeal/request for help,,inverse,,1,JZ,Diplomacy,894415,active,,extraction_appendix,1.0,implemented,EVENT,E7_Activity,CLASS,,false,relationship_types_seed.cypher,,,,,
Diplomatic,RECEIVED_ENVOYS_FROM,Received diplomatic envoys/representatives from entity,,inverse,,1,JZ,Diplomacy,894415,active,,extraction_appendix,1.0,implemented,EVENT,E7_Activity,CLASS,,false,relationship_types_seed.cypher,,,,,
Diplomatic,RECEIVED_OFFER_FROM,Received offer of subjection/alliance from entity,,inverse,,1,JZ,Diplomacy,894415,active,,extraction_appendix,1.0,implemented,EVENT,E7_Activity,CLASS,,false,relationship_types_seed.cypher,,,,,
Diplomatic,REJECTED_OFFER,Rejected diplomatic offer/proposal,,forward,,1,JZ,Diplomacy,894415,active,,extraction_appendix,1.0,implemented,EVENT,E7_Activity,CLASS,,false,relationship_types_seed.cypher,,,,,
Diplomatic,SENT_ENVOYS_TO,Sent diplomatic envoys/representatives,,forward,,1,JZ,Diplomacy,894415,active,,extraction_appendix,1.0,implemented,EVENT,E7_Activity,CLASS,,false,relationship_types_seed.cypher,,,,,
Economic,AVAILABLE_TO,Type available to social group,,forward,,1,HB,Economics,902116,active,Social availability,discovery_schema,1.0,candidate,,,,,false,,,,,,
Economic,CONFISCATED_LAND_FROM,Confiscated land from,,forward,ECONOMIC_ACTION,2,HB,Economics,902116,active,,bidirectional_csv,1.0,implemented,EVENT,E8_Acquisition,CLASS,,false,relationship_types_seed.cypher,,,,,
Economic,COST,Type has cost/value characteristic,,forward,,1,HB,Economics,902116,active,Cost descriptor,discovery_schema,1.0,candidate,,,,,false,,,,,,
Economic,DISTRIBUTED_LAND_TO,Distributed confiscated/conquered land,,forward,,1,HB,Economics,902116,active,,extraction_appendix,1.0,implemented,EVENT,E8_Acquisition,CLASS,,false,relationship_types_seed.cypher,,,,,
Economic,ECONOMIC_ACTION,Generic economic action,,unidirectional,,1,HB,Economics,902116,active,,bidirectional_csv,1.0,implemented,EVENT,E7_Activity,CLASS,,false,relationship_types_seed.cypher,,,,,
Economic,EXPERIENCED_RECESSION,Economy experienced recession,,forward,,1,HB,Economics,902116,active,,bidirectional_csv,1.0,implemented,EVENT,E5_Event,CLASS,,false,relationship_types_seed.cypher,,,,,
Economic,LAND_CONFISCATED_BY,Had land confiscated by,,inverse,ECONOMIC_ACTION,2,HB,Economics,902116,active,,bidirectional_csv,1.0,implemented,EVENT,E8_Acquisition,CLASS,,false,relationship_types_seed.cypher,,,,,
Economic,LAND_DISTRIBUTED_BY,Land was distributed by entity,,inverse,,1,HB,Economics,902116,active,,extraction_appendix,1.0,implemented,EVENT,E8_Acquisition,CLASS,,false,relationship_types_seed.cypher,,,,,
Economic,PRODUCED_BY,Good/service produced by entity,P1056,inverse,,1,HB,Economics,902116,active,,bidirectional_csv,1.0,implemented,EVENT,E12_Production,CLASS,product or material produced,false,relationship_types_seed.cypher,"material or product, including services, produced or provided by an organization, industry, facility, or process",wikibase-item,"material produced | produces | manufactures | makes | has product | product | maker of | manufacturer of | producer of | results in | creates | output | products | work produced | commodity | they make | produced product | produced material | service provided | provides service | product or service provided | product, material, or service produced or provided | product produced | recipe for",,
Economic,PRODUCES_GOOD,Entity produces good or service,P1056,forward,,1,HB,Economics,902116,active,,bidirectional_csv,1.0,implemented,EVENT,E12_Production,CLASS,product or material produced,false,relationship_types_seed.cypher,"material or product, including services, produced or provided by an organization, industry, facility, or process",wikibase-item,"material produced | produces | manufactures | makes | has product | product | maker of | manufacturer of | producer of | results in | creates | output | products | work produced | commodity | they make | produced product | produced material | service provided | provides service | product or service provided | product, material, or service produced or provided | product produced | recipe for",,
Economic,RECESSION_IN,Recession occurred in economy,,inverse,,1,HB,Economics,902116,active,,bidirectional_csv,1.0,implemented,EVENT,E5_Event,CLASS,,false,relationship_types_seed.cypher,,,,,
Economic,RESTRICTED_TO,Type restricted to group,,forward,,1,HB,Economics,902116,active,Social restriction,discovery_schema,1.0,candidate,,,,,false,,,,,,
Economic,SOLD_INTO_SLAVERY,Sold people into slavery,,forward,,1,HB,Economics,902116,active,,extraction_appendix,1.0,implemented,EVENT,E8_Acquisition,CLASS,,false,relationship_types_seed.cypher,,,,,
Economic,SOLD_INTO_SLAVERY_BY,People were sold into slavery by entity,,inverse,,1,HB,Economics,902116,active,,extraction_appendix,1.0,implemented,EVENT,E8_Acquisition,CLASS,,false,relationship_types_seed.cypher,,,,,
Economic,TAXED,Taxation,,forward,,1,HB,Economics,902116,active,,roman_republic_csv,1.0,implemented,EVENT,E7_Activity,CLASS,,false,relationship_types_seed.cypher,,,,,
Economic,VALUED_AT,Type valued at amount,,forward,,1,HB,Economics,902116,active,Monetary value,discovery_schema,1.0,candidate,,,,,false,,,,,,
Evolution,CEASED_USE_IN,Type ceased to be used in period,P582,forward,,1,QB,Time,1151043,active,Cessation period,discovery_schema,1.0,candidate,,,,end time,false,,moment when an entity ceases to exist and a statement stops being entirely valid or no longer be true,time,abolished | cease date | cease operation | cease time | closed | completed in | discontinued | dissolved | divorced | end date | enddate | ending | ends | endtime | fall date | left office | stop time | till | to | until | ineffective | ineffectivity | invalid | invalidity | concluded on | concluded | concluded date | concluded time | conclusion on,,
Evolution,DISPLACED_BY,Type was displaced by another type,,forward,,1,GN,Culture,885059,active,Displacement relationship,discovery_schema,1.0,candidate,,,,,false,,,,,,
Evolution,INTRODUCED_BY,Type was introduced by event,,forward,,1,QB,Time,1151043,active,Introduction event,discovery_schema,1.0,candidate,,,,,false,,,,,,
Evolution,INTRODUCED_IN,Type was introduced in period,P580,forward,,1,QB,Time,1151043,active,Introduction period,discovery_schema,1.0,candidate,,,,start time,false,,time an entity begins to exist or a statement starts being valid,time,from | starting | began | from time | since | from date | building date | starttime | introduced | introduction | started in | beginning | join date | join time | start date | joined | effective | effectivity | valid | validity | first air date | air date | first broadcast date | broadcast date | began airing | began broadcasting | began streaming,,
Evolution,OBSOLETE_AFTER,Type became obsolete after event,P582,forward,,1,QB,Time,1151043,active,Obsolescence event,discovery_schema,1.0,candidate,,,,end time,false,,moment when an entity ceases to exist and a statement stops being entirely valid or no longer be true,time,abolished | cease date | cease operation | cease time | closed | completed in | discontinued | dissolved | divorced | end date | enddate | ending | ends | endtime | fall date | left office | stop time | till | to | until | ineffective | ineffectivity | invalid | invalidity | concluded on | concluded | concluded date | concluded time | conclusion on,,
Evolution,OBSOLETE_DUE_TO,Type became obsolete due to reason,,forward,,1,GN,Culture,885059,active,Reason for obsolescence,discovery_schema,1.0,candidate,,,,,false,,,,,,
Evolution,PHASED_OUT_BECAUSE,Type was phased out because of reason,,forward,,1,GN,Culture,885059,active,Reason for phasing out,discovery_schema,1.0,candidate,,,,,false,,,,,,
Evolution,PREVALENT_DURING,Type was prevalent during period,,forward,,1,QB,Time,1151043,active,Period of common use with temporal bounds,discovery_schema,1.0,candidate,,,,,false,,,,,,
Evolution,REPLACED_BY,Type was replaced by another type,P1366,forward,,1,GN,Culture,885059,active,Replacement relationship,discovery_schema,1.0,candidate,,,,replaced by,false,,"other person or item which continues the item by replacing it in its role. Use P156 (""followed by"") if the item is not replaced nor identical, but adds to the series (e.g. books in a series).",wikibase-item,heir | next job holder | successor | succeeded by | superseded by | continued by | mediatised to | becomes | replaced with | split into | territory split into,,
Evolution,SUPERSEDED_BY,Type was superseded by another type,P1366,forward,,1,GN,Culture,885059,active,Supersession relationship,discovery_schema,1.0,candidate,,,,replaced by,false,,"other person or item which continues the item by replacing it in its role. Use P156 (""followed by"") if the item is not replaced nor identical, but adds to the series (e.g. books in a series).",wikibase-item,heir | next job holder | successor | succeeded by | superseded by | continued by | mediatised to | becomes | replaced with | split into | territory split into,,
Familial,ADOPTED,Adopter legally adopted person,,forward,FAMILIAL_RELATION,3,HQ,Family,1728849,active,,bidirectional_csv,1.0,candidate,,,,,false,,,,,,
Familial,ADOPTED_BY,Person was legally adopted by adopter,,inverse,FAMILIAL_RELATION,3,HQ,Family,1728849,active,,bidirectional_csv,1.0,candidate,,,,,false,,,,,,
Familial,AUNT_OF,Aunt of person,,forward,FAMILIAL_RELATION,3,HQ,Family,1728849,active,,familial_expansion,1.0,implemented,PROPERTY,P107_has_member (family),PROPERTY,Extended family structure,false,relationship_types_seed.cypher,,,,,
Familial,BROTHER_IN_LAW,Person is brother-in-law,,inverse,FAMILIAL_RELATION,3,HQ,Family,1728849,active,,familial_expansion,1.0,candidate,,,,,false,,,,,,
Familial,BROTHER_IN_LAW_OF,Brother-in-law of person,,forward,FAMILIAL_RELATION,3,HQ,Family,1728849,active,,familial_expansion,1.0,candidate,,,,,false,,,,,,
Familial,CHILD_OF,Person is child of parent,,forward,FAMILIAL_RELATION,2,HQ,Family,1728849,active,,bidirectional_csv,1.0,implemented,PROPERTY,P152i_is_parent_of,PROPERTY,Biological fact,false,relationship_types_seed.cypher,,,,,
Familial,COUSIN_OF,Person is cousin,,symmetric,FAMILIAL_RELATION,3,HQ,Family,1728849,active,,familial_expansion,1.0,implemented,PROPERTY,P107_has_member (family),PROPERTY,Extended family structure,false,relationship_types_seed.cypher,,,,,
Familial,DAUGHTER_IN_LAW,Person is daughter-in-law,,inverse,FAMILIAL_RELATION,3,HQ,Family,1728849,active,,familial_expansion,1.0,candidate,,,,,false,,,,,,
Familial,DAUGHTER_IN_LAW_OF,Daughter-in-law of person,,forward,FAMILIAL_RELATION,3,HQ,Family,1728849,active,,familial_expansion,1.0,candidate,,,,,false,,,,,,
Familial,FAMILIAL_RELATION,Generic familial relationship,,unidirectional,,1,HQ,Family,1728849,active,,bidirectional_csv,1.0,candidate,,,,,false,,,,,,
Familial,FATHER_IN_LAW,Person is father-in-law,,inverse,FAMILIAL_RELATION,3,HQ,Family,1728849,active,,familial_expansion,1.0,candidate,,,,,false,,,,,,
Familial,FATHER_IN_LAW_OF,Father-in-law of person,,forward,FAMILIAL_RELATION,3,HQ,Family,1728849,active,,familial_expansion,1.0,candidate,,,,,false,,,,,,
Familial,FATHER_OF,Father of child,P40,forward,FAMILIAL_RELATION,2,HQ,Family,1728849,active,,bidirectional_csv,1.0,implemented,PROPERTY,P97_from_father,PROPERTY,child,false,manual_curated_2026-02-13,"subject has object as child. Do not use for stepchildrenâ€”use ""relative"" (P1038), qualified with ""kinship to subject"" (P1039)",wikibase-item,son | daughter | kid | has child | children | sons | daughters | kids | has children | has son | has sons | has daughter | has daughters | has kid | has kids | offspring | progeny | issue | parent of | descendants | father of | mother of,,
Familial,GRANDCHILD_OF,Grandchild of grandparent,,forward,FAMILIAL_RELATION,3,HQ,Family,1728849,active,,bidirectional_csv,1.0,implemented,PROPERTY,P152_has_parent_chain,PROPERTY,Derived from parent relations,false,relationship_types_seed.cypher,,,,,
Familial,GRANDPARENT_OF,Grandparent of grandchild,,inverse,FAMILIAL_RELATION,3,HQ,Family,1728849,active,,bidirectional_csv,1.0,implemented,PROPERTY,P152_has_parent_chain,PROPERTY,Derived from parent relations,false,relationship_types_seed.cypher,,,,,
Familial,HALF_SIBLING_OF,Person is half-sibling,P3373,symmetric,FAMILIAL_RELATION,3,HQ,Family,1728849,active,,familial_expansion,1.0,implemented,PROPERTY,P107_has_member (family),PROPERTY,sibling,false,manual_curated_2026-02-13,"the subject and the object have at least one common parent (brother, sister, etc. including half-siblings); use ""relative"" (P1038) for siblings-in-law (brother-in-law, sister-in-law, etc.) and step-siblings (step-brothers, step-sisters, etc.)",wikibase-item,sister | has sister | bro | has brother | brother or sister | sister or brother | sis | sib | siblings | sisters | brother | brothers and sisters | sisters and brothers | has sibling | is sibling of | is the sibling of | brothers | is brother of | is the brother of | is sister of | is the sister of | half-brother | half-sister | half-sibling | sibling of | brother of | sister of | twin,,
Familial,MOTHER_IN_LAW,Person is mother-in-law,,inverse,FAMILIAL_RELATION,3,HQ,Family,1728849,active,,familial_expansion,1.0,candidate,,,,,false,,,,,,
Familial,MOTHER_IN_LAW_OF,Mother-in-law of person,,forward,FAMILIAL_RELATION,3,HQ,Family,1728849,active,,familial_expansion,1.0,candidate,,,,,false,,,,,,
Familial,MOTHER_OF,Mother of child,P40,forward,FAMILIAL_RELATION,2,HQ,Family,1728849,active,,bidirectional_csv,1.0,implemented,PROPERTY,P96_by_mother,PROPERTY,child,false,manual_curated_2026-02-13,"subject has object as child. Do not use for stepchildrenâ€”use ""relative"" (P1038), qualified with ""kinship to subject"" (P1039)",wikibase-item,son | daughter | kid | has child | children | sons | daughters | kids | has children | has son | has sons | has daughter | has daughters | has kid | has kids | offspring | progeny | issue | parent of | descendants | father of | mother of,,
Familial,NEPHEW_OR_NIECE_OF,Person is nephew or niece,,inverse,FAMILIAL_RELATION,3,HQ,Family,1728849,active,,familial_expansion,1.0,implemented,PROPERTY,P107_has_member (family),PROPERTY,Extended family structure,false,relationship_types_seed.cypher,,,,,
Familial,PARENT_OF,Parent of child,P40,inverse,FAMILIAL_RELATION,2,HQ,Family,1728849,active,,bidirectional_csv,1.0,implemented,PROPERTY,P152_has_parent,PROPERTY,child,false,manual_curated_2026-02-13,"subject has object as child. Do not use for stepchildrenâ€”use ""relative"" (P1038), qualified with ""kinship to subject"" (P1039)",wikibase-item,son | daughter | kid | has child | children | sons | daughters | kids | has children | has son | has sons | has daughter | has daughters | has kid | has kids | offspring | progeny | issue | parent of | descendants | father of | mother of,,
Familial,SIBLING_OF,Person is sibling,P3373,forward,FAMILIAL_RELATION,2,HQ,Family,1728849,active,,bidirectional_csv,1.0,implemented,PROPERTY,P107_has_member (family),PROPERTY,sibling,false,manual_curated_2026-02-13,"the subject and the object have at least one common parent (brother, sister, etc. including half-siblings); use ""relative"" (P1038) for siblings-in-law (brother-in-law, sister-in-law, etc.) and step-siblings (step-brothers, step-sisters, etc.)",wikibase-item,sister | has sister | bro | has brother | brother or sister | sister or brother | sis | sib | siblings | sisters | brother | brothers and sisters | sisters and brothers | has sibling | is sibling of | is the sibling of | brothers | is brother of | is the brother of | is sister of | is the sister of | half-brother | half-sister | half-sibling | sibling of | brother of | sister of | twin,,
Familial,SISTER_IN_LAW,Person is sister-in-law,,inverse,FAMILIAL_RELATION,3,HQ,Family,1728849,active,,familial_expansion,1.0,candidate,,,,,false,,,,,,
Familial,SISTER_IN_LAW_OF,Sister-in-law of person,,forward,FAMILIAL_RELATION,3,HQ,Family,1728849,active,,familial_expansion,1.0,candidate,,,,,false,,,,,,
Familial,SON_IN_LAW,Person is son-in-law,,inverse,FAMILIAL_RELATION,3,HQ,Family,1728849,active,,familial_expansion,1.0,candidate,,,,,false,,,,,,
Familial,SON_IN_LAW_OF,Son-in-law of person,,forward,FAMILIAL_RELATION,3,HQ,Family,1728849,active,,familial_expansion,1.0,candidate,,,,,false,,,,,,
Familial,SPOUSE_OF,Person is spouse (symmetric),P26,symmetric,FAMILIAL_RELATION,2,HQ,Family,1728849,active,,bidirectional_csv,1.0,implemented,PROPERTY,P107_has_member (family),PROPERTY,spouse,false,manual_curated_2026-02-13,"the subject has the object as their spouse (husband, wife, partner, etc.). Use ""unmarried partner"" (P451) for non-married companions",wikibase-item,wife | married to | marry | marriage partner | married | wedded to | wed | wives | husbands | spouses | husband | marital partner | married partner | common-law spouse | common-law wife | common-law husband | partner,,
Familial,STEPCHILD_OF,Person is stepchild of stepparent,,forward,FAMILIAL_RELATION,2,HQ,Family,1728849,active,,bidirectional_csv,1.0,implemented,PROPERTY,P107_has_member (family),PROPERTY,Legal/social fact (or reify adoption),false,relationship_types_seed.cypher,,,,,
Familial,STEPPARENT_OF,Stepparent of stepchild,,inverse,FAMILIAL_RELATION,2,HQ,Family,1728849,active,,bidirectional_csv,1.0,implemented,PROPERTY,P107_has_member (family),PROPERTY,Legal/social fact (or reify adoption),false,relationship_types_seed.cypher,,,,,
Familial,UNCLE_OF,Uncle of person,,forward,FAMILIAL_RELATION,3,HQ,Family,1728849,active,,familial_expansion,1.0,implemented,PROPERTY,P107_has_member (family),PROPERTY,Extended family structure,false,relationship_types_seed.cypher,,,,,
Functional,DESIGNED_FOR,Purpose for which type was designed,,forward,,1,T,Technology,1145002,active,Design purpose,discovery_schema,1.0,candidate,,,,,false,,,,,,
Functional,EFFECTIVE_AGAINST,Type is effective against target,,forward,,1,T,Technology,1145002,active,Effectiveness relationship,discovery_schema,1.0,candidate,,,,,false,,,,,,
Functional,INEFFECTIVE_AGAINST,Type is ineffective against target,,forward,,1,T,Technology,1145002,active,Ineffectiveness relationship,discovery_schema,1.0,candidate,,,,,false,,,,,,
Functional,OPTIMAL_IN,Type is optimal in context/situation,,forward,,1,T,Technology,1145002,active,Optimal context,discovery_schema,1.0,candidate,,,,,false,,,,,,
Geographic,BIRTHPLACE_OF,Place is birthplace of person,P19,inverse,LOCATED_IN,2,G,Geography,940469,active,,bidirectional_csv,1.0,implemented,EVENT,E67_Birth,CLASS,place of birth,false,relationship_types_seed.cypher,"most specific known birth location of a person, animal or fictional character",wikibase-item,birthplace | born in | POB | birth place | location born | born at | birth location | location of birth | birth city | born,,
Geographic,BORN_IN,Person was born in place,P19,forward,LOCATED_IN,2,G,Geography,940469,active,,bidirectional_csv,1.0,implemented,EVENT,E67_Birth,CLASS,place of birth,false,relationship_types_seed.cypher,"most specific known birth location of a person, animal or fictional character",wikibase-item,birthplace | born in | POB | birth place | location born | born at | birth location | location of birth | birth city | born,,
Geographic,CAMPAIGN_IN,Military campaign location,,forward,,1,G,Geography,940469,active,,roman_republic_csv,1.0,implemented,EVENT,E7_Activity,CLASS,,false,relationship_types_seed.cypher,,,,,
Geographic,DEATH_PLACE_OF,Place is death place of person,P20,inverse,LOCATED_IN,2,G,Geography,940469,active,,bidirectional_csv,1.0,implemented,EVENT,E69_Death,CLASS,place of death,false,relationship_types_seed.cypher,"most specific known (e.g. city instead of country, or hospital instead of city) death location of a person, animal or fictional character",wikibase-item,deathplace | died in | death place | POD | location of death | death location | killed in | died,,
Geographic,DIED_IN,Person died in place,P20,forward,LOCATED_IN,2,G,Geography,940469,active,,bidirectional_csv,1.0,implemented,EVENT,E69_Death,CLASS,place of death,false,relationship_types_seed.cypher,"most specific known (e.g. city instead of country, or hospital instead of city) death location of a person, animal or fictional character",wikibase-item,deathplace | died in | death place | POD | location of death | death location | killed in | died,,
Geographic,EXILED,Person was exiled to place,,forward,LOCATED_IN,2,G,Geography,940469,active,,bidirectional_csv,1.0,implemented,EVENT,E9_Move,CLASS,,false,relationship_types_seed.cypher,,,,,
Geographic,EXILED_BY,Place exiled person (jurisdiction),,inverse,LOCATED_IN,2,G,Geography,940469,active,,bidirectional_csv,1.0,implemented,EVENT,E9_Move,CLASS,,false,relationship_types_seed.cypher,,,,,
Geographic,FLED_FROM,Fled from location,,forward,LOCATED_IN,2,G,Geography,940469,active,,bidirectional_csv,1.0,implemented,EVENT,E9_Move,CLASS,,false,relationship_types_seed.cypher,,,,,
Geographic,FLED_TO,Fled to location (exile/escape),,forward,LOCATED_IN,2,G,Geography,940469,active,,bidirectional_csv,1.0,implemented,EVENT,E9_Move,CLASS,,false,relationship_types_seed.cypher,,,,,
Geographic,FOUNDED,Established place,P112,forward,,1,G,Geography,940469,active,,roman_republic_csv,1.0,implemented,EVENT,E63_Beginning_of_Existence,CLASS,founded by,false,relationship_types_seed.cypher,"founder or co-founder of this organization, religion, place or entity",wikibase-item,co-founder | founders | established by | co-founded by | founder | started by | cofounder | cofounded by | institutor | instituted by | created by | creator | establisher | starter | begun by,,
Geographic,HAS_PART,Place comprises/contains place component,P527,inverse,,2,G,Geography,940469,active,Use for spatial composition - country HAS_PART regions,spatial_composition,1.0,candidate,,,,has part(s),false,,"part of this subject; inverse property of ""part of"" (P361). See also ""has parts of the class"" (P2670).",wikibase-item,formed from | formed out of | assembled from | assembled out of | created from | created out of | amalgamation of | set of | consists of | holonym of | parts | comprised of | includes part | has as part | has component | have part | composed of | has ingredient | has ingredients | ingredients | contain | contains | has member | has branch | divided by | incorporates | had part | has parts | has part | has part or parts | made up of | includes,,
Geographic,LIVED_IN,Person lived in or resided in a place,P551,forward,LOCATED_IN,2,G,Geography,940469,active,,bidirectional_csv,1.0,implemented,STATE,E7_Activity,CLASS,residence,false,manual_curated_2026-02-13,"the place where the person is or has been, resident",wikibase-item,lives in | hometown | home town | place of residence | resident of | resided in | resided at | lived in | resident in | has resided in | home city | living in | residing in | address | house,,
Geographic,LOCATED_IN,Entity is located in place,P131,forward,,1,G,Geography,940469,active,,bidirectional_csv,1.0,implemented,PROPERTY,P53_has_former_or_current_location,PROPERTY,located in the administrative territorial entity,false,manual_curated_2026-02-13,the item is located on the territory of the following administrative entity. Use P276 for specifying locations that are non-administrative places and for items about events. Use P1382 if the item falls only partially into the administrative entity,wikibase-item,located in the administrative unit | located in administrative unit | is in administrative unit | is located in | is in the state of | is in the province of | is in the county of | is in the district of | is in the department of | is in the region of | is in the borough of | is in the city of | is in the town of | is in the village of | is in the municipality of | is in the territory of | is in the prefecture of | is in the voivodeship of | is in the Indian reservation of | is in the Indian reserve of | is in the ward of | is in the administrative region of | is in the settlement of | is in the local government area of | is in the rural city of | is in the shire of | happens in | is in the commune of | in administrative unit | in | is in the administrative unit | administrative territorial entity | city | town | state | Indian reservation | in the administrative unit | locality | is in the parish of | location (administrative territorial entity) | is in the principal area of | located in the territorial entity | region | is in the arrondissement of | administrative territory | territory,,
Geographic,LOCATION_OF,Place is location of entity,,inverse,,1,G,Geography,940469,active,,bidirectional_csv,1.0,implemented,PROPERTY,P53i_is_former_or_current_location_of,PROPERTY,,false,relationship_types_seed.cypher,,,,,
Geographic,MIGRATED_FROM,Group migrated from a place,,forward,LOCATED_IN,2,G,Geography,940469,active,,bidirectional_csv,1.0,implemented,EVENT,E9_Move,CLASS,,false,relationship_types_seed.cypher,,,,,
Geographic,MIGRATED_TO,Group migrated to a place,,forward,LOCATED_IN,2,G,Geography,940469,active,,bidirectional_csv,1.0,implemented,EVENT,E9_Move,CLASS,,false,relationship_types_seed.cypher,,,,,
Geographic,PART_OF,Place is part of larger place,P361,forward,,2,G,Geography,940469,active,Use for spatial composition - region PART_OF country,spatial_composition,1.0,candidate,,,,part of,false,,"object of which the subject is a part (if this subject is already part of object A which is a part of object B, then please only make the subject part of object A), inverse property of ""has part"" (P527, see also ""has parts of the class"" (P2670))",wikibase-item,meronym of | section of | system of | subsystem of | subassembly of | contained within | assembly of | part of-property | component of | in | within | is part of | subgroup of | collateral branch of | branch of | element of | chain | contained in | of,,
Geographic,RENAMED,Renamed place or entity,P1448,forward,,1,G,Geography,940469,active,,extraction_appendix,1.0,implemented,EVENT,E15_Identifier_Assignment,CLASS,official name,false,relationship_types_seed.cypher,official name of the subject in its official language(s),monolingualtext,long name | complete title | legal name | official title | name | registered name | full title | be named | long title,,
Geographic,RENAMED_TO,Place was renamed to new name,P1448,inverse,,1,G,Geography,940469,active,,extraction_appendix,1.0,implemented,EVENT,E15_Identifier_Assignment,CLASS,official name,false,relationship_types_seed.cypher,official name of the subject in its official language(s),monolingualtext,long name | complete title | legal name | official title | name | registered name | full title | be named | long title,,
Geographic,RESIDENCE_OF,Place was residence of a person,P551,inverse,LOCATED_IN,2,G,Geography,940469,active,,bidirectional_csv,1.0,implemented,STATE,E7_Activity,CLASS,residence,false,manual_curated_2026-02-13,"the place where the person is or has been, resident",wikibase-item,lives in | hometown | home town | place of residence | resident of | resided in | resided at | lived in | resident in | has resided in | home city | living in | residing in | address | house,,
Honorific,AWARDED_TO,Award was given to person,P166,inverse,HONORED,2,CR,Honors,959979,active,,bidirectional_csv,1.0,implemented,EVENT,E13_Attribute_Assignment,CLASS,award received,false,relationship_types_seed.cypher,"award or recognition received by a person, organization or creative work",wikibase-item,prize received | awards | honorary title | recognition title | award | honours | honors | medals | awarded | award won | prize awarded | awards received | win | winner of | received award,,
Honorific,AWARD_RECEIVED,Person received award or decoration,P166,forward,HONORED,2,CR,Honors,959979,active,,bidirectional_csv,1.0,implemented,EVENT,E13_Attribute_Assignment,CLASS,award received,false,relationship_types_seed.cypher,"award or recognition received by a person, organization or creative work",wikibase-item,prize received | awards | honorary title | recognition title | award | honours | honors | medals | awarded | award won | prize awarded | awards received | win | winner of | received award,,
Honorific,DECORATED_WITH,Person decorated with award,,forward,HONORED,3,CR,Honors,959979,active,,bidirectional_csv,1.0,implemented,EVENT,E13_Attribute_Assignment,CLASS,,false,relationship_types_seed.cypher,,,,,
Honorific,DECORATION_OF,Decoration was awarded to person,,inverse,HONORED,3,CR,Honors,959979,active,,bidirectional_csv,1.0,implemented,EVENT,E13_Attribute_Assignment,CLASS,,false,relationship_types_seed.cypher,,,,,
Honorific,GRANTED_TITLE,Title was granted to person,,forward,HONORED,3,CR,Honors,959979,active,,bidirectional_csv,1.0,implemented,EVENT,E13_Attribute_Assignment,CLASS,,false,relationship_types_seed.cypher,,,,,
Honorific,HONORED,Honored or praised person,,forward,HONORED,1,CR,Honors,959979,active,,bidirectional_csv,1.0,implemented,EVENT,E13_Attribute_Assignment,CLASS,,false,relationship_types_seed.cypher,,,,,
Honorific,HONORED_BY,Was honored by,,inverse,HONORED,1,CR,Honors,959979,active,,bidirectional_csv,1.0,implemented,EVENT,E13_Attribute_Assignment,CLASS,,false,relationship_types_seed.cypher,,,,,
Honorific,TITLE_GRANTED_BY,Person was granted title by grantor,,inverse,HONORED,3,CR,Honors,959979,active,,bidirectional_csv,1.0,implemented,EVENT,E13_Attribute_Assignment,CLASS,,false,relationship_types_seed.cypher,,,,,
Ideological,ADHERES_TO,Person or organization adheres to ideology,P1142,forward,,1,HM,Ideology,967151,active,,bidirectional_csv,1.0,implemented,PROPERTY,P2_has_type,PROPERTY,political ideology,false,relationship_types_seed.cypher,political ideology of an organization or person or of a work (such as a newspaper),wikibase-item,has political ideology | official political ideology | supports political ideology | ideology | political view | supports ideology | official ideology | political viewpoint | editorial viewpoint | political orientation | political leaning,,
Ideological,IDEOLOGY_OF,Ideology is adhered to by person/organization,P1142,inverse,,1,HM,Ideology,967151,active,,bidirectional_csv,1.0,implemented,PROPERTY,P2i_is_type_of,PROPERTY,political ideology,false,relationship_types_seed.cypher,political ideology of an organization or person or of a work (such as a newspaper),wikibase-item,has political ideology | official political ideology | supports political ideology | ideology | political view | supports ideology | official ideology | political viewpoint | editorial viewpoint | political orientation | political leaning,,
Institutional,APPOINTED,Entity appointed person to office,P39,forward,,1,JF,Political institutions,1069240,active,,bidirectional_csv,1.0,implemented,EVENT,E13_Attribute_Assignment,CLASS,position held,false,relationship_types_seed.cypher,subject currently or formerly holds the object position or public office,wikibase-item,political office held | political seat | public office | office held | position occupied | holds position | function | held position | job,,
Institutional,APPOINTED_BY,Person was appointed by entity,P39,inverse,,1,JF,Political institutions,1069240,active,,bidirectional_csv,1.0,implemented,EVENT,E13_Attribute_Assignment,CLASS,position held,false,relationship_types_seed.cypher,subject currently or formerly holds the object position or public office,wikibase-item,political office held | political seat | public office | office held | position occupied | holds position | function | held position | job,,
Institutional,INSTITUTIONAL_ACTION,Generic institutional action,,unidirectional,,1,JF,Political institutions,1069240,active,,bidirectional_csv,1.0,implemented,EVENT,E7_Activity,CLASS,,false,relationship_types_seed.cypher,,,,,
Institutional,LEGITIMATED,Institution legitimated authority,,forward,,1,JF,Political institutions,1069240,active,,bidirectional_csv,1.0,implemented,EVENT,E13_Attribute_Assignment,CLASS,,false,relationship_types_seed.cypher,,,,,
Institutional,LEGITIMATED_BY,Authority was legitimated by institution,,inverse,,1,JF,Political institutions,1069240,active,,bidirectional_csv,1.0,implemented,EVENT,E13_Attribute_Assignment,CLASS,,false,relationship_types_seed.cypher,,,,,
Institutional,REFORMED,Reformed institution/system,,forward,INSTITUTIONAL_ACTION,2,JF,Political institutions,1069240,active,,bidirectional_csv,1.0,implemented,EVENT,E11_Modification,CLASS,,false,relationship_types_seed.cypher,,,,,
Institutional,REFORMED_BY,Was reformed by,,inverse,INSTITUTIONAL_ACTION,2,JF,Political institutions,1069240,active,,bidirectional_csv,1.0,implemented,EVENT,E11_Modification,CLASS,,false,relationship_types_seed.cypher,,,,,
Institutional,REINSTATED,Reinstated dormant office/institution,,forward,INSTITUTIONAL_ACTION,2,JF,Political institutions,1069240,active,,bidirectional_csv,1.0,implemented,EVENT,E63_Beginning_of_Existence,CLASS,,false,relationship_types_seed.cypher,,,,,
Institutional,REINSTATED_BY,Was reinstated by,,inverse,INSTITUTIONAL_ACTION,2,JF,Political institutions,1069240,active,,bidirectional_csv,1.0,implemented,EVENT,E63_Beginning_of_Existence,CLASS,,false,relationship_types_seed.cypher,,,,,
Legal,CHARGED_WITH,Person was charged with crime,,forward,LEGAL_ACTION,2,K,Law,993678,active,,bidirectional_csv,1.0,implemented,EVENT,E13_Attribute_Assignment,CLASS,,false,relationship_types_seed.cypher,,,,,
Legal,CHARGES_AGAINST,Crime was charged against person,,inverse,LEGAL_ACTION,2,K,Law,993678,active,,bidirectional_csv,1.0,implemented,EVENT,E13_Attribute_Assignment,CLASS,,false,relationship_types_seed.cypher,,,,,
Legal,CONDEMNATION_OF,Condemnation without trial of person,,inverse,LEGAL_ACTION,3,K,Law,993678,active,,bidirectional_csv,1.0,implemented,EVENT,E13_Attribute_Assignment,CLASS,,false,relationship_types_seed.cypher,,,,,
Legal,CONDEMNED_WITHOUT_TRIAL,Condemned without judicial trial,,forward,LEGAL_ACTION,3,K,Law,993678,active,,bidirectional_csv,1.0,implemented,EVENT,E13_Attribute_Assignment,CLASS,,false,relationship_types_seed.cypher,,,,,
Legal,CONVICTED_OF,Person was convicted of crime,P1399,forward,LEGAL_ACTION,2,K,Law,993678,active,,bidirectional_csv,1.0,implemented,EVENT,E13_Attribute_Assignment,CLASS,convicted of,false,relationship_types_seed.cypher,crime a person or organization was convicted of,wikibase-item,guilty of | found guilty of | conviction,,
Legal,CONVICTION_OF,Crime had person convicted,P1399,inverse,LEGAL_ACTION,2,K,Law,993678,active,,bidirectional_csv,1.0,implemented,EVENT,E13_Attribute_Assignment,CLASS,convicted of,false,manual_curated_2026-02-13,crime a person or organization was convicted of,wikibase-item,guilty of | found guilty of | conviction,,
Legal,EXECUTED,Entity executed individual/small group,,forward,LEGAL_ACTION,3,K,Law,993678,active,,bidirectional_csv,1.0,implemented,EVENT,E69_Death,CLASS,,false,relationship_types_seed.cypher,,,,,
Legal,EXECUTED_BY,Individual was executed by entity,,inverse,LEGAL_ACTION,3,K,Law,993678,active,,bidirectional_csv,1.0,implemented,EVENT,E69_Death,CLASS,,false,relationship_types_seed.cypher,,,,,
Legal,IMPRISONED_IN,Person was imprisoned in facility,,forward,LEGAL_ACTION,2,K,Law,993678,active,,bidirectional_csv,1.0,implemented,EVENT,E7_Activity,CLASS,,false,relationship_types_seed.cypher,,,,,
Legal,IMPRISONMENT_OF,Facility held person imprisoned,,inverse,LEGAL_ACTION,2,K,Law,993678,active,,bidirectional_csv,1.0,implemented,EVENT,E7_Activity,CLASS,,false,relationship_types_seed.cypher,,,,,
Legal,LEGAL_ACTION,Generic legal action,,unidirectional,,1,K,Law,993678,active,,bidirectional_csv,1.0,implemented,EVENT,E7_Activity,CLASS,,false,relationship_types_seed.cypher,,,,,
Legal,SENTENCED_TO,Person was sentenced to punishment,,forward,LEGAL_ACTION,2,K,Law,993678,active,,bidirectional_csv,1.0,implemented,EVENT,E13_Attribute_Assignment,CLASS,,false,relationship_types_seed.cypher,,,,,
Legal,SENTENCE_OF,Punishment was sentenced to person,,inverse,LEGAL_ACTION,2,K,Law,993678,active,,bidirectional_csv,1.0,implemented,EVENT,E13_Attribute_Assignment,CLASS,,false,relationship_types_seed.cypher,,,,,
Linguistic,LANGUAGE_OF,Language was spoken by people/group,P1412,inverse,,1,P,Language and languages,992154,active,,extraction_appendix,1.0,implemented,PROPERTY,P72i_is_language_of,PROPERTY,"languages spoken, written or signed",false,relationship_types_seed.cypher,"language(s) that a person or a people speaks, writes or signs, including the native language(s)",wikibase-item,"language spoken | languages of expression | languages signed | language signed | language written | language read | language used | language | speaks language | writes language | signs language | uses language | wrote language | spoke language | used language | signed language | languages spoken, written, or signed | language(s) spoken, written or signed | languages spoken | language of expression",,
Linguistic,SPOKE_LANGUAGE,People/group spoke a language,P1412,forward,,1,P,Language and languages,992154,active,,extraction_appendix,1.0,implemented,PROPERTY,P72_has_language,PROPERTY,"languages spoken, written or signed",false,relationship_types_seed.cypher,"language(s) that a person or a people speaks, writes or signs, including the native language(s)",wikibase-item,"language spoken | languages of expression | languages signed | language signed | language written | language read | language used | language | speaks language | writes language | signs language | uses language | wrote language | spoke language | used language | signed language | languages spoken, written, or signed | language(s) spoken, written or signed | languages spoken | language of expression",,
Measurement,HAS_INDICATOR,Entity has quantified indicator,,forward,,1,QA,Measurement,1715944,active,,bidirectional_csv,1.0,implemented,PROPERTY,P43_has_dimension,PROPERTY,Quantitative property,false,relationship_types_seed.cypher,,,,,
Measurement,INDICATOR_OF,Quantified indicator describes entity,,inverse,,1,QA,Measurement,1715944,active,,bidirectional_csv,1.0,implemented,PROPERTY,P43i_is_dimension_of,PROPERTY,(Inverse),false,relationship_types_seed.cypher,,,,,
Membership,HAS_MEMBER,Group has member,P463,inverse,,1,HS,Organizations,1047747,active,,bidirectional_csv,1.0,implemented,EVENT,E85_Joining,CLASS,member of,false,manual_curated_2026-02-13,"organization, club or musical group to which the subject belongs. Do not use for membership in ethnic or social groups, nor for holding a political position, such as a member of parliament (use P39 for that)",wikibase-item,membership | band member of | member of musical group | in musical group | of organization | is member of | club,,
Membership,MEMBER_OF,Person is member of group,P463,forward,,1,HS,Organizations,1047747,active,,bidirectional_csv,1.0,implemented,EVENT,E85_Joining,CLASS,member of,false,manual_curated_2026-02-13,"organization, club or musical group to which the subject belongs. Do not use for membership in ethnic or social groups, nor for holding a political position, such as a member of parliament (use P39 for that)",wikibase-item,membership | band member of | member of musical group | in musical group | of organization | is member of | club,,
Military,BATTLED_IN,Entity fought in battle,P607,forward,MILITARY_ACTION,2,U,Military art and science,1020874,active,,bidirectional_csv,1.0,implemented,EVENT,E7_Activity,CLASS,participated in conflict,false,manual_curated_2026-02-13,"battles, wars or other military engagements in which the person or item participated",wikibase-item,war | battle | participant in conflict | in conflict | in action | theater (military) | theatre (military) | military conflict | military engagement | engagement | conflict,P3831,P2868
Military,BATTLE_PARTICIPANT,Entity was participant in battle,P607,inverse,MILITARY_ACTION,2,U,Military art and science,1020874,active,,bidirectional_csv,1.0,implemented,EVENT,E7_Activity,CLASS,participated in conflict,false,manual_curated_2026-02-13,"battles, wars or other military engagements in which the person or item participated",wikibase-item,war | battle | participant in conflict | in conflict | in action | theater (military) | theatre (military) | military conflict | military engagement | engagement | conflict,P3831,P2868
Military,BESIEGED,Laid siege to place,,forward,FOUGHT_IN,3,U,Military art and science,1020874,active,,bidirectional_csv,1.0,implemented,EVENT,E7_Activity,CLASS,,false,relationship_types_seed.cypher,,,,,
Military,BESIEGED_BY,Place was besieged by,,inverse,FOUGHT_IN,3,U,Military art and science,1020874,active,,bidirectional_csv,1.0,implemented,EVENT,E7_Activity,CLASS,,false,relationship_types_seed.cypher,,,,,
Military,BETRAYED,Entity betrayed trust/loyalty,,forward,MILITARY_ACTION,3,U,Military art and science,1020874,active,,bidirectional_csv,1.0,implemented,EVENT,E7_Activity,CLASS,,false,relationship_types_seed.cypher,,,,,
Military,BETRAYED_BY,Entity was betrayed,,inverse,MILITARY_ACTION,3,U,Military art and science,1020874,active,,bidirectional_csv,1.0,implemented,EVENT,E7_Activity,CLASS,,false,relationship_types_seed.cypher,,,,,
Military,COMMANDED_BY,Was commanded by,,inverse,POSITION_HELD,2,U,Military art and science,1020874,active,,bidirectional_csv,1.0,implemented,EVENT,E7_Activity,CLASS,,false,relationship_types_seed.cypher,,,,,
Military,DEFEATED,Defeated opponent in battle/campaign,,forward,FOUGHT_IN,3,U,Military art and science,1020874,active,,bidirectional_csv,1.0,implemented,EVENT,E7_Activity,CLASS,,false,relationship_types_seed.cypher,,,,,
Military,DEFEATED_BY,Was defeated by opponent,,inverse,FOUGHT_IN,3,U,Military art and science,1020874,active,,bidirectional_csv,1.0,implemented,EVENT,E7_Activity,CLASS,,false,relationship_types_seed.cypher,,,,,
Military,DEFECTED_FROM,Defected from,,inverse,RELATED_TO,3,U,Military art and science,1020874,active,,bidirectional_csv,1.0,implemented,EVENT,E86_Leaving,CLASS,,false,relationship_types_seed.cypher,,,,,
Military,DEFECTED_TO,Defected to join,,forward,RELATED_TO,3,U,Military art and science,1020874,active,,bidirectional_csv,1.0,implemented,EVENT,E85_Joining,CLASS,,false,relationship_types_seed.cypher,,,,,
Military,FOUGHT_IN,Entity participated in battle/war,P607,forward,MILITARY_ACTION,1,U,Military art and science,1020874,active,,bidirectional_csv,1.0,implemented,EVENT,E7_Activity,CLASS,participated in conflict,false,manual_curated_2026-02-13,"battles, wars or other military engagements in which the person or item participated",wikibase-item,war | battle | participant in conflict | in conflict | in action | theater (military) | theatre (military) | military conflict | military engagement | engagement | conflict,P3831,P2868
Military,GARRISONED,Left military garrison in place,,forward,,1,U,Military art and science,1020874,active,,extraction_appendix,1.0,implemented,EVENT,E7_Activity,CLASS,,false,relationship_types_seed.cypher,,,,,
Military,GARRISONED_BY,Place was garrisoned by military force,,inverse,,1,U,Military art and science,1020874,active,,extraction_appendix,1.0,implemented,EVENT,E7_Activity,CLASS,,false,relationship_types_seed.cypher,,,,,
Military,LEVELLED,Completely destroyed/razed to ground,,forward,,1,U,Military art and science,1020874,active,,extraction_appendix,1.0,implemented,EVENT,E6_Destruction,CLASS,,false,relationship_types_seed.cypher,,,,,
Military,LEVELLED_BY,Place was completely destroyed/razed,,inverse,,1,U,Military art and science,1020874,active,,extraction_appendix,1.0,implemented,EVENT,E6_Destruction,CLASS,,false,relationship_types_seed.cypher,,,,,
Military,MASSACRED,Massacred group of people,,forward,FOUGHT_IN,3,U,Military art and science,1020874,active,,bidirectional_csv,1.0,implemented,EVENT,E7_Activity,CLASS,,false,relationship_types_seed.cypher,,,,,
Military,MASSACRED_BY,Was massacred by,,inverse,FOUGHT_IN,3,U,Military art and science,1020874,active,,bidirectional_csv,1.0,implemented,EVENT,E7_Activity,CLASS,,false,relationship_types_seed.cypher,,,,,
Military,MILITARY_ACTION,Generic military action,,unidirectional,,1,U,Military art and science,1020874,active,,bidirectional_csv,1.0,implemented,EVENT,E7_Activity,CLASS,,false,relationship_types_seed.cypher,,,,,
Military,SACKED,Pillaged or sacked place,,forward,FOUGHT_IN,3,U,Military art and science,1020874,active,,bidirectional_csv,1.0,implemented,EVENT,E7_Activity,CLASS,,false,relationship_types_seed.cypher,,,,,
Military,SACKED_BY,Place was sacked by,,inverse,FOUGHT_IN,3,U,Military art and science,1020874,active,,bidirectional_csv,1.0,implemented,EVENT,E7_Activity,CLASS,,false,relationship_types_seed.cypher,,,,,
Military,SALLIED_FROM,Made military sortie/sally from besieged place,,forward,,1,U,Military art and science,1020874,active,,extraction_appendix,1.0,implemented,EVENT,E9_Move,CLASS,,false,relationship_types_seed.cypher,,,,,
Military,SERVED_UNDER,Served under commander,,forward,POSITION_HELD,2,U,Military art and science,1020874,active,,bidirectional_csv,1.0,implemented,EVENT,E7_Activity,CLASS,,false,relationship_types_seed.cypher,,,,,
Moral,COMMITTED_SUICIDE,Person committed suicide,,forward,,3,BJ,Ethics,915833,active,,bidirectional_csv,1.0,candidate,,,,,false,,,,,,
Moral,RESPONSIBILITY_OF,Atrocity/policy had person/regime responsible,,inverse,CAUSED,3,BJ,Ethics,915833,active,,bidirectional_csv,1.0,candidate,,,,,false,,,,,,
Moral,RESPONSIBLE_FOR,Person or regime held responsible for atrocity/policy,,forward,CAUSED,3,BJ,Ethics,915833,active,,bidirectional_csv,1.0,candidate,,,,,false,,,,,,
Political,ADVISED,Institution advised another,,forward,,1,JA,Political science,1069263,active,,roman_republic_csv,1.0,implemented,EVENT,E7_Activity,CLASS,,false,relationship_types_seed.cypher,,,,,
Political,ALLIED_VIA_MARRIAGE,Political alliance via marriage,,forward,ALLIED_WITH,3,JA,Political science,1069263,active,,bidirectional_csv,1.0,implemented,EVENT,E7_Activity,CLASS,,false,relationship_types_seed.cypher,,,,,
Political,ALLIED_WITH,Maintained formal/strategic alliance,,forward,RELATED_TO,2,JA,Political science,1069263,active,,bidirectional_csv,1.0,implemented,EVENT,E7_Activity,CLASS,,false,relationship_types_seed.cypher,,,,,
Political,APPLIES_TO_JURISDICTION,Law/office applies to territory,P1001,forward,,1,JA,Political science,1069263,active,,roman_republic_csv,1.0,implemented,STATE,E3_Condition_State,CLASS,applies to jurisdiction,false,relationship_types_seed.cypher,"the item (institution, law, public office, public register, etc) or statement belongs to or has power over or applies to the value (a territorial jurisdiction: a country, state, municipality, etc)",wikibase-item,of jurisdiction | belongs to jurisdiction | jurisdiction | country of jurisdiction | valid in jurisdiction | applies to territorial jurisdiction | applied to jurisdiction | applies to place | applies to area | applies to geographic place | applies to geographic area | applies to region | applicable jurisdiction | applicable geographic place | applicable place | applicable territorial jurisdiction | applicable location | applicable country | applicable area | jurisdiction linked | of place | of region | of location | Of country | of,,
Political,CAUSED_COLLAPSE_OF,Entity caused collapse of polity,P576,inverse,POLITICAL_CHANGE,2,JA,Political science,1069263,active,,bidirectional_csv,1.0,implemented,EVENT,E64_End_of_Existence,CLASS,"dissolved, abolished or demolished date",false,relationship_types_seed.cypher,"point in time at which the subject (organisation, building) ceased to exist; see ""date of official closure"" (P3999) for closing a facility, ""service retirement"" (P730) for retiring equipment, ""discontinued date"" (P2669) for stopping a product",time,"abolished | abolishment date | ceased date | ceased on | ceased publication | ceased to exist | cessation date | closed on | closure date | date disbanded | date disestablished | date dissolved | date of cessation | date of demolition | date of dissolution | date of termination | date repealed | defunct | defunct date | demise date | demolished | demolition date | destroyed in | disbanded | disbanded on | disestablished | dissolution date | dissolved | dissolved on date | dissolved or abolished | dissolved, abolished, or demolished | end date | ended | final issue | final year | folded | last issue | publication end date | publication terminal date | razed in | repealed date | terminal date | terminal issue | terminated on | termination date | time abolished | time dissolved | time of abolishment | time of dissolution | wound up on date | shutdown",,
Political,COLLAPSED,Political entity ceased to function,P576,forward,POLITICAL_CHANGE,2,JA,Political science,1069263,active,,bidirectional_csv,1.0,implemented,EVENT,E64_End_of_Existence,CLASS,"dissolved, abolished or demolished date",false,relationship_types_seed.cypher,"point in time at which the subject (organisation, building) ceased to exist; see ""date of official closure"" (P3999) for closing a facility, ""service retirement"" (P730) for retiring equipment, ""discontinued date"" (P2669) for stopping a product",time,"abolished | abolishment date | ceased date | ceased on | ceased publication | ceased to exist | cessation date | closed on | closure date | date disbanded | date disestablished | date dissolved | date of cessation | date of demolition | date of dissolution | date of termination | date repealed | defunct | defunct date | demise date | demolished | demolition date | destroyed in | disbanded | disbanded on | disestablished | dissolution date | dissolved | dissolved on date | dissolved or abolished | dissolved, abolished, or demolished | end date | ended | final issue | final year | folded | last issue | publication end date | publication terminal date | razed in | repealed date | terminal date | terminal issue | terminated on | termination date | time abolished | time dissolved | time of abolishment | time of dissolution | wound up on date | shutdown",,
Political,COMPETED_WITH,Political rivalry,,symmetric,,1,JA,Political science,1069263,active,,roman_republic_csv,1.0,implemented,EVENT,E7_Activity,CLASS,,false,relationship_types_seed.cypher,,,,,
Political,CONQUERED,Entity conquered territory/polity,,forward,CONTROLLED,2,JA,Political science,1069263,active,,bidirectional_csv,1.0,implemented,EVENT,E8_Acquisition,CLASS,,false,relationship_types_seed.cypher,,,,,
Political,CONQUERED_BY,Territory was conquered by entity,,inverse,CONTROLLED,2,JA,Political science,1069263,active,,bidirectional_csv,1.0,implemented,EVENT,E8_Acquisition,CLASS,,false,relationship_types_seed.cypher,,,,,
Political,CONTROLLED,Political entity controlled territory,P17,forward,POLITICAL_CONTROL,1,JA,Political science,1069263,active,,bidirectional_csv,1.0,implemented,EVENT,E7_Activity,CLASS,country,false,relationship_types_seed.cypher,sovereign state that this item is in (not to be used for human beings),wikibase-item,sovereign state | state | land | host country,,
Political,CONTROLLED_BY,Territory was controlled by entity,P17,inverse,POLITICAL_CONTROL,1,JA,Political science,1069263,active,,bidirectional_csv,1.0,implemented,EVENT,E7_Activity,CLASS,country,false,relationship_types_seed.cypher,sovereign state that this item is in (not to be used for human beings),wikibase-item,sovereign state | state | land | host country,,
Political,DECLARED_FOR,Publicly declared support for,,forward,RELATED_TO,2,JA,Political science,1069263,active,,bidirectional_csv,1.0,implemented,EVENT,E7_Activity,CLASS,,false,relationship_types_seed.cypher,,,,,
Political,DECLARED_FOR_BY,Received declaration of support from,,inverse,RELATED_TO,2,JA,Political science,1069263,active,,bidirectional_csv,1.0,implemented,EVENT,E7_Activity,CLASS,,false,relationship_types_seed.cypher,,,,,
Political,DEPOSED,Removed from power,,forward,,1,JA,Political science,1069263,active,,roman_republic_csv,1.0,implemented,EVENT,E86_Leaving,CLASS,,false,relationship_types_seed.cypher,,,,,
Political,DESIGNATED_HEIR_OF,Person was designated as heir,,forward,POLITICAL_CHANGE,3,JA,Political science,1069263,active,,bidirectional_csv,1.0,implemented,EVENT,E13_Attribute_Assignment,CLASS,,false,relationship_types_seed.cypher,,,,,
Political,ENDED_EXISTENCE_OF,Event ended existence of entity,P582,inverse,POLITICAL_STATUS,2,JA,Political science,1069263,active,,bidirectional_csv,1.0,candidate,,,,end time,false,,moment when an entity ceases to exist and a statement stops being entirely valid or no longer be true,time,abolished | cease date | cease operation | cease time | closed | completed in | discontinued | dissolved | divorced | end date | enddate | ending | ends | endtime | fall date | left office | stop time | till | to | until | ineffective | ineffectivity | invalid | invalidity | concluded on | concluded | concluded date | concluded time | conclusion on,,
Political,GAINED_SOVEREIGNTY_OVER,Gained political sovereignty over entity,,inverse,,1,JA,Political science,1069263,active,,extraction_appendix,1.0,implemented,EVENT,E7_Activity,CLASS,,false,relationship_types_seed.cypher,,,,,
Political,GOVERNED,Person governed a place,,forward,,1,JA,Political science,1069263,active,,roman_republic_csv,1.0,implemented,EVENT,E7_Activity,CLASS,,false,relationship_types_seed.cypher,,,,,
Political,HAS_TRIBUTARY,Empire had tributary polity,,inverse,CONTROLLED,3,JA,Political science,1069263,active,,bidirectional_csv,1.0,implemented,EVENT,E7_Activity,CLASS,,false,relationship_types_seed.cypher,,,,,
Political,HEIR_TO,Person's heir was designated,,inverse,POLITICAL_CHANGE,3,JA,Political science,1069263,active,,bidirectional_csv,1.0,implemented,EVENT,E13_Attribute_Assignment,CLASS,,false,relationship_types_seed.cypher,,,,,
Political,LOST_SOVEREIGNTY,Lost political independence/sovereignty,,forward,,1,JA,Political science,1069263,active,,extraction_appendix,1.0,implemented,EVENT,E7_Activity,CLASS,,false,relationship_types_seed.cypher,,,,,
Political,MANIPULATED,Manipulated entity/person,,forward,INFLUENCED,3,JA,Political science,1069263,active,,bidirectional_csv,1.0,implemented,EVENT,E7_Activity,CLASS,,false,relationship_types_seed.cypher,,,,,
Political,MANIPULATED_BY,Was manipulated by,,inverse,INFLUENCED,3,JA,Political science,1069263,active,,bidirectional_csv,1.0,implemented,EVENT,E7_Activity,CLASS,,false,relationship_types_seed.cypher,,,,,
Political,MARRIAGE_ALLIANCE_WITH,Marriage alliance partner,,inverse,ALLIED_WITH,3,JA,Political science,1069263,active,,bidirectional_csv,1.0,implemented,EVENT,E7_Activity,CLASS,,false,relationship_types_seed.cypher,,,,,
Political,OPPOSED,Person/group opposed another,,forward,,1,JA,Political science,1069263,active,,roman_republic_csv,1.0,implemented,EVENT,E7_Activity,CLASS,,false,relationship_types_seed.cypher,,,,,
Political,OUTLAWED,Declared person an outlaw/enemy,,forward,LEGAL_ACTION,3,JA,Political science,1069263,active,,bidirectional_csv,1.0,implemented,EVENT,E13_Attribute_Assignment,CLASS,,false,relationship_types_seed.cypher,,,,,
Political,OUTLAWED_BY,Was outlawed by authority,,inverse,LEGAL_ACTION,3,JA,Political science,1069263,active,,bidirectional_csv,1.0,implemented,EVENT,E13_Attribute_Assignment,CLASS,,false,relationship_types_seed.cypher,,,,,
Political,POLITICAL_CHANGE,Generic political change,,unidirectional,,1,JA,Political science,1069263,active,,bidirectional_csv,1.0,implemented,EVENT,E5_Event,CLASS,,false,relationship_types_seed.cypher,,,,,
Political,POLITICAL_CONTROL,Generic political control,,unidirectional,,1,JA,Political science,1069263,active,,bidirectional_csv,1.0,implemented,STATE,E3_Condition_State,CLASS,,false,relationship_types_seed.cypher,,,,,
Political,POLITICAL_STATUS,Generic political status,,unidirectional,,1,JA,Political science,1069263,active,,bidirectional_csv,1.0,implemented,PROPERTY,P2_has_type,PROPERTY,,false,relationship_types_seed.cypher,,,,,
Political,PROSCRIBED,Officially proscribed (Roman proscription),,forward,LEGAL_ACTION,3,JA,Political science,1069263,active,,bidirectional_csv,1.0,implemented,EVENT,E13_Attribute_Assignment,CLASS,,false,relationship_types_seed.cypher,,,,,
Political,PROSCRIPTION_OF,Subject of proscription,,inverse,LEGAL_ACTION,3,JA,Political science,1069263,active,,bidirectional_csv,1.0,candidate,,,,,false,,,,,,
Political,SUBJUGATED,Conquered/subdued and incorporated into empire,,forward,,1,JA,Political science,1069263,active,,extraction_appendix,1.0,candidate,,,,,false,,,,,,
Political,SUBJUGATED_BY,Was conquered/subdued and incorporated,,inverse,,1,JA,Political science,1069263,active,,extraction_appendix,1.0,candidate,,,,,false,,,,,,
Political,SUCCEEDED_BY,Person was succeeded by successor,P1366,inverse,POLITICAL_CHANGE,3,JA,Political science,1069263,active,,bidirectional_csv,1.0,candidate,,,,replaced by,false,manual_curated_2026-02-13,"other person or item which continues the item by replacing it in its role. Use P156 (""followed by"") if the item is not replaced nor identical, but adds to the series (e.g. books in a series).",wikibase-item,heir | next job holder | successor | succeeded by | superseded by | continued by | mediatised to | becomes | replaced with | split into | territory split into,,
Political,SUCCESSOR_OF,Successor succeeded person,P1365,forward,POLITICAL_CHANGE,3,JA,Political science,1069263,active,,bidirectional_csv,1.0,candidate,,,,replaces,false,manual_curated_2026-02-13,"person, state or item replaced. Use ""structure replaces"" (P1398) for structures. Use ""follows"" (P155) if the previous item was not replaced or predecessor and successor are identical",wikibase-item,forefather | previous job holder | preceded by | succeeds | supersedes | continues from | continues | deprecates | replaced | absorbed | absorbs,,
Political,SURVIVED_UNTIL,Entity survived until event/date,P582,forward,POLITICAL_STATUS,2,JA,Political science,1069263,active,,bidirectional_csv,1.0,candidate,,,,end time,false,,moment when an entity ceases to exist and a statement stops being entirely valid or no longer be true,time,abolished | cease date | cease operation | cease time | closed | completed in | discontinued | dissolved | divorced | end date | enddate | ending | ends | endtime | fall date | left office | stop time | till | to | until | ineffective | ineffectivity | invalid | invalidity | concluded on | concluded | concluded date | concluded time | conclusion on,,
Political,TRIBUTARY_OF,Polity paid tribute to empire,,forward,CONTROLLED,3,JA,Political science,1069263,active,,bidirectional_csv,1.0,candidate,,,,,false,,,,,,
Political,VETOED,Person blocked another's action,,forward,,1,JA,Political science,1069263,active,,roman_republic_csv,1.0,candidate,,,,,false,,,,,,
Position,APPOINTED_TO,Was appointed to position,P39,forward,POSITION_HELD,2,JF,Public officers,1082238,active,,bidirectional_csv,1.0,candidate,,,,position held,false,manual_curated_2026-02-13,subject currently or formerly holds the object position or public office,wikibase-item,political office held | political seat | public office | office held | position occupied | holds position | function | held position | job,,
Position,COLLEAGUE_WITH,Shared office contemporaneously,,symmetric,RELATED_TO,2,JF,Public officers,1082238,active,,bidirectional_csv,1.0,candidate,,,,,false,,,,,,
Position,COMMANDED,Commanded forces,,forward,POSITION_HELD,2,JF,Public officers,1082238,active,,bidirectional_csv,1.0,candidate,,,,,false,,,,,,
Position,OFFICE_HELD_BY,Office was held by person,P39,inverse,,1,JF,Public officers,1082238,active,,bidirectional_csv,1.0,candidate,,,,position held,false,,subject currently or formerly holds the object position or public office,wikibase-item,political office held | political seat | public office | office held | position occupied | holds position | function | held position | job,,
Position,POSITION_HELD,Person held a position or office,P39,forward,,1,JF,Public officers,1082238,active,,bidirectional_csv,1.0,candidate,,,,position held,false,,subject currently or formerly holds the object position or public office,wikibase-item,political office held | political seat | public office | office held | position occupied | holds position | function | held position | job,,
Position,RESIGNATION_OF,Resignation from office by person,,inverse,POSITION_HELD,3,JF,Public officers,1082238,active,,bidirectional_csv,1.0,candidate,,,,,false,,,,,,
Position,RESIGNED_FROM,Voluntarily resigned from office,,forward,POSITION_HELD,3,JF,Public officers,1082238,active,,bidirectional_csv,1.0,candidate,,,,,false,,,,,,
Position,SERVED_AS,Served in role as,,forward,POSITION_HELD,2,JF,Public officers,1082238,active,,bidirectional_csv,1.0,candidate,,,,,false,,,,,,
Production,MADE_USING_TECHNIQUE,Type made using technique,P2079,forward,,1,T,Technology,1145002,active,Manufacturing technique,discovery_schema,1.0,candidate,,,,fabrication method,false,,"method, process or technique used to grow, cook, weave, build, assemble, manufacture the item",wikibase-item,fabrication process | manufacturing process | production process | manufacturing method | production method | made by | assembly method | technique used | by method | method used | process used | technology used | by means | creation method | method of fabrication | method of assembly | assembly process | produced by | produced using | method of preparation | preparation method | method of cooking | cooking method | obtained by | building technique | result of process | created by | construction method | construction technique,,
Production,MANUFACTURED_BY,Type manufactured by organization,P176,forward,,1,T,Technology,1145002,active,Manufacturing organization,discovery_schema,1.0,candidate,,,,manufacturer,false,,(main or final) manufacturer or producer of this product,wikibase-item,manufactured by | maker | built by | builder | made by | product of | provider | provided by | assembler | assembled by | producer | mfr | produced by | brewer | brewed by,,
Production,MANUFACTURED_IN,Type manufactured in location,P1071,forward,,1,T,Technology,1145002,active,Manufacturing location,discovery_schema,1.0,candidate,,,,location of creation,false,,"place where the item was conceived or made; where applicable, location of final assembly",wikibase-item,assembly location | built at | built in | composed at | created at | creation location | creation place | locality of creation | location created | location of creation | location of final assembly | location of origin | location of production | made in | manufactured in | manufacturing location | mint | minted at | photographed at | place built | place made | place of creation | place of manufacture | place of origin | place of production | production location | production place | written at | region of creation | creation region | location of invention | place of invention | invented in | created in | photographed in | recorded in | recorded at,,
Production,REQUIRES_MATERIAL,Type requires material for production,,forward,,1,T,Technology,1145002,active,Required material,discovery_schema,1.0,candidate,,,,,false,,,,,,
Production,REQUIRES_SKILL,Type requires skill to make,,forward,,1,T,Technology,1145002,active,Required skill,discovery_schema,1.0,candidate,,,,,false,,,,,,
Production,TYPICALLY_MADE_OF,Material type is typically made from,P186,forward,,1,T,Technology,1145002,active,Typical material composition,discovery_schema,1.0,candidate,,,,made from material,false,,material the subject or the object is made of or derived from (do not confuse with P10672 which is used for processes),wikibase-item,medium | made from | constructed from | constructed out of | construction material | media | built from | built out of | manufactured from | manufactured out of | crafted from | crafted out of | formed from | formed out of | made of | ore | source material | raw material | feedstock | reactant | ingredient | ingredients | made in | be made in | material used | made of material,,
Reasoning,I1_INFERRED_FROM,Knowledge inferred from evidence,,forward,,1,,Reasoning,,active,CRMinf property - links evidence to inference,crminf_alignment,1.0,candidate,,,,,true,crminf_alignment,,,,,
Reasoning,I2_BELIEVED_TO_HOLD,Belief about a fact,,forward,,1,,Reasoning,,active,CRMinf property - links inference/belief to conclusion,crminf_alignment,1.0,candidate,,,,,true,crminf_alignment,,,,,
Reasoning,I3_HAS_NOTE,Has note or explanation,,forward,,1,,Reasoning,,active,CRMinf property - notes about inference,crminf_alignment,1.0,candidate,,,,,true,crminf_alignment,,,,,
Reasoning,I4_HAS_UNCERTAINTY,Has uncertainty quantification,,forward,,1,,Reasoning,,active,CRMinf property - uncertainty level,crminf_alignment,1.0,candidate,,,,,true,crminf_alignment,,,,,
Reasoning,I7_HAS_OBJECT,Old belief being revised,,forward,,1,,Reasoning,,active,CRMinf property - belief revision object,crminf_alignment,1.0,candidate,,,,,true,crminf_alignment,,,,,
Reasoning,I8_HAS_RESULT,New/revised belief,,forward,,1,,Reasoning,,active,CRMinf property - belief revision result,crminf_alignment,1.0,candidate,,,,,true,crminf_alignment,,,,,
Relations,ALLY_OF,Was ally of,,forward,RELATED_TO,2,HM,Social relations,1122778,active,,bidirectional_csv,1.0,candidate,,,,,false,,,,,,
Relations,ALLY_OF_BY,Had ally,,inverse,RELATED_TO,2,HM,Social relations,1122778,active,,bidirectional_csv,1.0,candidate,,,,,false,,,,,,
Relations,ENEMY_OF,Was enemy of,,forward,RELATED_TO,2,HM,Social relations,1122778,active,,bidirectional_csv,1.0,candidate,,,,,false,,,,,,
Relations,ENEMY_OF_BY,Had enemy,,inverse,RELATED_TO,2,HM,Social relations,1122778,active,,bidirectional_csv,1.0,candidate,,,,,false,,,,,,
Relations,INFLUENCED,Influenced entity/person,,forward,RELATED_TO,2,HM,Social relations,1122778,active,,bidirectional_csv,1.0,candidate,,,,,false,,,,,,
Relations,INFLUENCED_BY,Was influenced by,,inverse,RELATED_TO,2,HM,Social relations,1122778,active,,bidirectional_csv,1.0,candidate,,,,,false,,,,,,
Relations,RELATED_TO,Generic social/political relation,,unidirectional,,1,HM,Social relations,1122778,active,,bidirectional_csv,1.0,candidate,,,,,false,,,,,,
Religious,CONVERTED_BY,Religion/agent converted person,P140,inverse,,1,BL,Religion,1093763,active,,bidirectional_csv,1.0,candidate,,,,religion or worldview,false,,"religion of a person, organization or religious building, or associated with this subject",wikibase-item,religious affiliation | faith | life stance | denomination | follower of religion | follows religion | has religion | religion or world view | pantheon | belief system | religion | worldview | believes | devotee of,,
Religious,CONVERTED_TO,Person converted to religion,P140,forward,,1,BL,Religion,1093763,active,,bidirectional_csv,1.0,candidate,,,,religion or worldview,false,,"religion of a person, organization or religious building, or associated with this subject",wikibase-item,religious affiliation | faith | life stance | denomination | follower of religion | follows religion | has religion | religion or world view | pantheon | belief system | religion | worldview | believes | devotee of,,
Religious,DOMAIN_DEITY,Domain has this deity,,inverse,,1,BL,Religion,1093763,active,,bidirectional_csv,1.0,candidate,,,,,false,,,,,,
Religious,GOD_OF,Deity is god of domain,,forward,,1,BL,Religion,1093763,active,,bidirectional_csv,1.0,candidate,,,,,false,,,,,,
Religious,HAS_PATRON_DEITY,Group has patron/tutelary deity,,inverse,,1,BL,Religion,1093763,active,,bidirectional_csv,1.0,candidate,,,,,false,,,,,,
Religious,PATRON_DEITY_OF,Deity is patron/tutelary god of group,,forward,,1,BL,Religion,1093763,active,,bidirectional_csv,1.0,candidate,,,,,false,,,,,,
Social,CLIENT_OF,Client to patron,,inverse,,1,HM,Social structure,1123372,active,,roman_republic_csv,1.0,candidate,,,,,false,,,,,,
Social,FREED_BY,Manumission,,inverse,,1,HM,Social structure,1123372,active,,roman_republic_csv,1.0,candidate,,,,,false,,,,,,
Social,OWNED,Ownership of slaves,,forward,,1,HM,Social structure,1123372,active,,roman_republic_csv,1.0,candidate,,,,,false,,,,,,
Social,PATRON_OF,Patron-client relationship,,forward,,1,HM,Social structure,1123372,active,,roman_republic_csv,1.0,candidate,,,,,false,,,,,,
Social,WEARS,Person wears clothing or garment,,forward,,1,HM,Social structure,1123372,active,Wearing clothing,discovery_schema,1.0,candidate,,,,,false,,,,,,
Social,WORN_BY,Garment is worn by person,,inverse,,1,HM,Social structure,1123372,active,Inverse of WEARS,discovery_schema,1.0,candidate,,,,,false,,,,,,
Temporal,CONTAINS_EVENT,Period contains event,,inverse,,1,QB,Time,1151043,active,Inverse of DURING,temporal_corrections,1.0,candidate,,,,,false,,,,,,
Temporal,CONTAINS_PERIOD,Period contains sub-period,P527,inverse,,2,QB,Time,1151043,active,Use this instead of HAS_PART for temporal period containment,temporal_corrections,1.0,candidate,,,,has part(s),false,,"part of this subject; inverse property of ""part of"" (P361). See also ""has parts of the class"" (P2670).",wikibase-item,formed from | formed out of | assembled from | assembled out of | created from | created out of | amalgamation of | set of | consists of | holonym of | parts | comprised of | includes part | has as part | has component | have part | composed of | has ingredient | has ingredients | ingredients | contain | contains | has member | has branch | divided by | incorporates | had part | has parts | has part | has part or parts | made up of | includes,,
Temporal,DURING,Event occurred during period,,forward,,1,QB,Time,1151043,active,For events within time periods,temporal_corrections,1.0,candidate,,,,,false,,,,,,
Temporal,OVERLAPS_WITH,Periods overlap temporally,,symmetric,,1,QB,Time,1151043,active,For temporal overlap between periods,temporal_corrections,1.0,candidate,,,,,false,,,,,,
Temporal,SUB_PERIOD_OF,Smaller period within larger period,P361,forward,,2,QB,Time,1151043,active,Use this instead of PART_OF for temporal period containment,temporal_corrections,1.0,candidate,,,,part of,false,,"object of which the subject is a part (if this subject is already part of object A which is a part of object B, then please only make the subject part of object A), inverse property of ""has part"" (P527, see also ""has parts of the class"" (P2670))",wikibase-item,meronym of | section of | system of | subsystem of | subassembly of | contained within | assembly of | part of-property | component of | in | within | is part of | subgroup of | collateral branch of | branch of | element of | chain | contained in | of,,
Temporal,WITHIN_TIMESPAN,Entity exists within timespan,,forward,,1,QB,Time,1151043,active,For entities with defined temporal bounds,temporal_corrections,1.0,candidate,,,,,false,,,,,,
Trade,EXPORTED_TO,Exported goods to,,forward,,1,HF,Commerce,869279,active,,bidirectional_csv,1.0,candidate,,,,,false,,,,,,
Trade,IMPORTED_FROM,Imported goods from,,forward,,1,HF,Commerce,869279,active,,bidirectional_csv,1.0,candidate,,,,,false,,,,,,
Trade,MAJOR_TRADING_PARTNER,Country/region with significant bilateral trade,,symmetric,,1,HF,Commerce,869279,active,,bidirectional_csv,1.0,candidate,,,,,false,,,,,,
Typological,ALTERNATIVE_TO,Alternative/equivalent to another type,,symmetric,,1,GN,Culture,885059,active,Equivalent alternatives,discovery_schema,1.0,candidate,,,,,false,,,,,,
Typological,HAS_VARIANT,Has variant or subtype,,inverse,,1,GN,Culture,885059,active,Inverse of VARIANT_OF,discovery_schema,1.0,candidate,,,,,false,,,,,,
Typological,VARIANT_OF,Is variant or subtype of,,forward,,1,GN,Culture,885059,active,Subtype relationship for objects/materials,discovery_schema,1.0,candidate,,,,,false,,,,,,
