category,relationship_type,description,wikidata_property,directionality,parent_relationship,specificity_level,lcc_code,lcsh_heading,fast_id,status,note,source,version,lifecycle_status,reify_as,cidoc_crm_code,cidoc_crm_kind,wikidata_label,crminf_applicable,mapping_source
Application,DERIVED_FROM,Material extracted or derived from source organism,,forward,,1,T,Technology,1145002,active,Material extraction from biological source,discovery_schema,1.0,candidate,,,,,false,
Application,DERIVES_MATERIAL,Source organism used to derive material,,inverse,,1,T,Technology,1145002,active,Inverse of DERIVED_FROM,discovery_schema,1.0,candidate,,,,,false,
Application,DYED_BY,Dye used to dye object,,inverse,,1,T,Technology,1145002,active,Inverse of DYED_WITH,discovery_schema,1.0,candidate,,,,,false,
Application,DYED_WITH,Object dyed with dye or pigment,,forward,,1,T,Technology,1145002,active,Dyeing/tinting relationship,discovery_schema,1.0,candidate,,,,,false,
Application,MATERIAL_IN,Material used in,P186,inverse,,1,T,Technology,1145002,active,,bidirectional_csv,1.0,implemented,PROPERTY,P45_consists_of,PROPERTY,,false,relationship_types_seed.cypher
Application,MATERIAL_USED,Made from,P186,forward,,1,T,Technology,1145002,active,,bidirectional_csv,1.0,implemented,PROPERTY,P45i_is_incorporated_in,PROPERTY,made from,false,relationship_types_seed.cypher
Application,PRODUCED_IN,Material produced or manufactured in location,,forward,,1,T,Technology,1145002,active,Production location for materials,discovery_schema,1.0,candidate,,,,,false,
Application,PRODUCES_MATERIAL,Location produces this material,,inverse,,1,T,Technology,1145002,active,Inverse of PRODUCED_IN,discovery_schema,1.0,candidate,,,,,false,
Application,USE,Used for,P366,forward,,1,T,Technology,1145002,active,,bidirectional_csv,1.0,implemented,PROPERTY,P101_had_as_general_use,PROPERTY,has use,false,relationship_types_seed.cypher
Application,USED_BY,Used by entity,P366,inverse,,1,T,Technology,1145002,active,,bidirectional_csv,1.0,implemented,PROPERTY,P101i_was_use_of,PROPERTY,,false,relationship_types_seed.cypher
Attribution,ANALYZES,Citation provides analysis of entity,,forward,,1,Z,Bibliography,831351,active,,bidirectional_csv,1.0,implemented,OPTIONAL_EVENT,I5_Inference_Making + J3,,,true,relationship_types_seed.cypher
Attribution,ATTRIBUTED_TO,Citation attributed to author,,forward,,1,Z,Bibliography,831351,active,,bidirectional_csv,1.0,implemented,OPTIONAL_EVENT,I7_Belief_Adoption + J6,,,true,relationship_types_seed.cypher
Attribution,DESCRIBES,Citation describes entity/event,,forward,,1,Z,Bibliography,831351,active,,bidirectional_csv,1.0,implemented,OPTIONAL_EVENT,I7_Belief_Adoption + J7,,,true,relationship_types_seed.cypher
Attribution,EXTRACTED_FROM,Citation extracted from work,,forward,,1,Z,Bibliography,831351,active,,bidirectional_csv,1.0,implemented,OPTIONAL_EVENT,I7_Belief_Adoption + J6,,,true,relationship_types_seed.cypher
Attribution,INTERPRETS,Citation interprets entity/event,,forward,,1,Z,Bibliography,831351,active,,bidirectional_csv,1.0,implemented,OPTIONAL_EVENT,I5_Inference_Making + J3,,,true,relationship_types_seed.cypher
Attribution,MENTIONS,Citation mentions entity,,forward,,1,Z,Bibliography,831351,active,,bidirectional_csv,1.0,implemented,OPTIONAL_EVENT,I7_Belief_Adoption + J7,,,true,relationship_types_seed.cypher
Attribution,NAME,Has name,P2561,unidirectional,,1,Z,Bibliography,831351,active,,bidirectional_csv,1.0,implemented,PROPERTY,,,name,false,relationship_types_seed.cypher
Attribution,NAMED_AFTER,Named for,P138,forward,,1,Z,Bibliography,831351,active,,bidirectional_csv,1.0,implemented,PROPERTY,,,named after,false,relationship_types_seed.cypher
Attribution,NAMESAKE_OF,Is namesake of,P138,inverse,,1,Z,Bibliography,831351,active,,bidirectional_csv,1.0,implemented,PROPERTY,,,,false,relationship_types_seed.cypher
Attribution,QUOTES,Citation is direct quote from source,,forward,,1,Z,Bibliography,831351,active,,bidirectional_csv,1.0,implemented,OPTIONAL_EVENT,I7_Belief_Adoption + J7,,,true,relationship_types_seed.cypher
Attribution,SUMMARIZES,Citation summarizes entity/event,,forward,,1,Z,Bibliography,831351,active,,bidirectional_csv,1.0,implemented,OPTIONAL_EVENT,I7_Belief_Adoption + J7,,,true,relationship_types_seed.cypher
Authorship,ARCHITECT,Designed by,P84,forward,,1,PN,Authorship,821688,active,,bidirectional_csv,1.0,implemented,PROPERTY,P94_has_created,PROPERTY,architect,false,relationship_types_seed.cypher
Authorship,AUTHOR,Created by,P50,forward,,1,PN,Authorship,821688,active,,bidirectional_csv,1.0,implemented,PROPERTY,P94_has_created,PROPERTY,author,false,relationship_types_seed.cypher
Authorship,COMMISSIONED,Commissioned creation of work,,forward,,2,PN,Authorship,821688,active,,bidirectional_csv,1.0,implemented,EVENT,E7_Activity,CLASS,,false,relationship_types_seed.cypher
Authorship,COMMISSIONED_BY,Work commissioned by,,inverse,,2,PN,Authorship,821688,active,,bidirectional_csv,1.0,implemented,EVENT,E7_Activity,CLASS,,false,relationship_types_seed.cypher
Authorship,COMPOSER,Composed by,P86,forward,,1,PN,Authorship,821688,active,,bidirectional_csv,1.0,implemented,PROPERTY,P94_has_created,PROPERTY,composer,false,relationship_types_seed.cypher
Authorship,COMPOSITION_OF,Composed by,P86,inverse,,1,PN,Authorship,821688,active,,bidirectional_csv,1.0,implemented,PROPERTY,P94i_was_created_by,PROPERTY,,false,relationship_types_seed.cypher
Authorship,CREATION_OF,Created by,P170,inverse,,1,PN,Authorship,821688,active,,bidirectional_csv,1.0,implemented,PROPERTY,P94i_was_created_by,PROPERTY,,false,relationship_types_seed.cypher
Authorship,CREATOR,Created by,P170,forward,,1,PN,Authorship,821688,active,,bidirectional_csv,1.0,implemented,PROPERTY,P94_has_created,PROPERTY,creator,false,relationship_types_seed.cypher
Authorship,DESIGNED,Architect designed,P84,inverse,,1,PN,Authorship,821688,active,,bidirectional_csv,1.0,implemented,PROPERTY,P94i_was_created_by,PROPERTY,,false,relationship_types_seed.cypher
Authorship,DISCOVERED_BY,Discovered by,P61,forward,,1,PN,Authorship,821688,active,,bidirectional_csv,1.0,implemented,EVENT,E13_Attribute_Assignment,CLASS,discoverer,false,relationship_types_seed.cypher
Authorship,DISCOVERER_OF,Person discovered,P61,inverse,,1,PN,Authorship,821688,active,,bidirectional_csv,1.0,implemented,EVENT,E13_Attribute_Assignment,CLASS,,false,relationship_types_seed.cypher
Authorship,WORK_OF,Work created by,P50,inverse,,1,PN,Authorship,821688,active,,bidirectional_csv,1.0,implemented,PROPERTY,P94i_was_created_by,PROPERTY,,false,relationship_types_seed.cypher
Causality,ACTION_JUSTIFIED_BY,Action justified by claim,,inverse,CAUSED,2,BD,Causation,849680,active,,bidirectional_csv,1.0,implemented,PROPERTY,P17_was_motivated_by,PROPERTY,Motivation,false,relationship_types_seed.cypher
Causality,CAUSED,Caused event,P828,unidirectional,,1,BD,Causation,849680,active,,bidirectional_csv,1.0,implemented,PROPERTY,P15i_influenced,PROPERTY,has cause,false,manual_curated_2026-02-13
Causality,CAUSED_BY,Caused by,P828,unidirectional,,1,BD,Causation,849680,active,,bidirectional_csv,1.0,implemented,PROPERTY,P15_was_influenced_by,PROPERTY,Causal link (simple),false,relationship_types_seed.cypher
Causality,CONTRIBUTED_BY,Outcome had this entity as contributing factor,P828,inverse,,1,BD,Causation,849680,active,,bidirectional_csv,1.0,implemented,PROPERTY,P15i_influenced,PROPERTY,Contributing factor,false,relationship_types_seed.cypher
Causality,CONTRIBUTED_TO,Entity contributed as factor to outcome,P828,forward,,1,BD,Causation,849680,active,,bidirectional_csv,1.0,implemented,PROPERTY,P15i_influenced,PROPERTY,Contributing outcome,false,relationship_types_seed.cypher
Causality,JUSTIFIED_ACTION,Claimed justification for action,,forward,CAUSED,2,BD,Causation,849680,active,,bidirectional_csv,1.0,implemented,PROPERTY,P17i_motivated,PROPERTY,(Inverse motivation),false,relationship_types_seed.cypher
Causality,MARKED_START,Event marked beginning of new period,,forward,CAUSED,2,BD,Causation,849680,active,,bidirectional_csv,1.0,implemented,PROPERTY,P134_continued,PROPERTY,Continuity relation,false,relationship_types_seed.cypher
Causality,START_MARKED_BY,Period had its beginning marked by event,,inverse,CAUSED,2,BD,Causation,849680,active,,bidirectional_csv,1.0,implemented,PROPERTY,P134i_was_continued_by,PROPERTY,(Inverse continuity),false,relationship_types_seed.cypher
Comparative,ADVANTAGE,Type has advantage,,forward,,1,T,Technology,1145002,active,Advantage descriptor,discovery_schema,1.0,candidate,,,,,false,
Comparative,DISADVANTAGE,Type has disadvantage,,forward,,1,T,Technology,1145002,active,Disadvantage descriptor,discovery_schema,1.0,candidate,,,,,false,
Comparative,INFERIOR_TO,Type is inferior to another type,,forward,,1,T,Technology,1145002,active,Inferiority comparison,discovery_schema,1.0,candidate,,,,,false,
Comparative,SUPERIOR_TO,Type is superior to another type,,forward,,1,T,Technology,1145002,active,Superiority comparison,discovery_schema,1.0,candidate,,,,,false,
Cultural,ASSIMILATED,Culture that absorbed another group,,inverse,,1,GN,Culture,885059,active,,extraction_appendix,1.0,implemented,EVENT,E7_Activity,CLASS,,false,relationship_types_seed.cypher
Cultural,ASSIMILATED_TO,Group/people assimilated into another culture,,forward,,1,GN,Culture,885059,active,,extraction_appendix,1.0,implemented,EVENT,E7_Activity,CLASS,,false,relationship_types_seed.cypher
Cultural,CLAIMS_HERITAGE_FROM,Group claims heritage from earlier polity,,forward,,1,GN,Culture,885059,active,,bidirectional_csv,1.0,implemented,EVENT,E7_Activity,CLASS,,false,relationship_types_seed.cypher
Cultural,EVOLVED_FROM,Form evolved from another form,,inverse,,1,GN,Culture,885059,active,,bidirectional_csv,1.0,implemented,EVENT,E81_Transformation,CLASS,,false,relationship_types_seed.cypher
Cultural,EVOLVED_INTO,Form evolved into another form,,forward,,1,GN,Culture,885059,active,,bidirectional_csv,1.0,implemented,EVENT,E81_Transformation,CLASS,,false,relationship_types_seed.cypher
Cultural,HERITAGE_OF,Earlier polity is claimed heritage of later group,,inverse,,1,GN,Culture,885059,active,,bidirectional_csv,1.0,implemented,EVENT,E7_Activity,CLASS,,false,relationship_types_seed.cypher
Cultural,MYTHIC_ORIGIN_OF,Mythic place is origin of group,,inverse,,1,GN,Culture,885059,active,,bidirectional_csv,1.0,implemented,PROPERTY,P67i_is_referred_to_by,PROPERTY,,false,relationship_types_seed.cypher
Cultural,ORIGIN_MYTH,Group has mythic/legendary place of origin,,forward,,1,GN,Culture,885059,active,,bidirectional_csv,1.0,implemented,PROPERTY,P67_refers_to,PROPERTY,,false,relationship_types_seed.cypher
Diplomatic,DIPLOMATIC_ACTION,,,,,,,,,active,Present in canonical seed but absent in source CSV,seed_only,1.0,implemented,EVENT,E7_Activity,CLASS,,false,relationship_types_seed.cypher
Diplomatic,ACCEPTED_OFFER,Accepted diplomatic offer/proposal,,forward,,1,JZ,Diplomacy,894415,active,,extraction_appendix,1.0,implemented,EVENT,E7_Activity,CLASS,,false,relationship_types_seed.cypher
Diplomatic,APPEALED_TO,Entity appealed/requested help from another,,forward,,1,JZ,Diplomacy,894415,active,,extraction_appendix,1.0,implemented,EVENT,E7_Activity,CLASS,,false,relationship_types_seed.cypher
Diplomatic,NEGOTIATED_AGAINST,Counterpart negotiated with entity,,symmetric,RELATED_TO,3,JZ,Diplomacy,894415,active,,bidirectional_csv,1.0,implemented,EVENT,E7_Activity,CLASS,,false,relationship_types_seed.cypher
Diplomatic,NEGOTIATED_WITH,Entity negotiated with counterpart,,symmetric,RELATED_TO,3,JZ,Diplomacy,894415,active,,bidirectional_csv,1.0,implemented,EVENT,E7_Activity,CLASS,,false,relationship_types_seed.cypher
Diplomatic,OFFERED_SELF_TO,Offered themselves as subjects/allies to another entity,,forward,,1,JZ,Diplomacy,894415,active,,extraction_appendix,1.0,implemented,EVENT,E7_Activity,CLASS,,false,relationship_types_seed.cypher
Diplomatic,OFFER_ACCEPTED_BY,Diplomatic offer was accepted by entity,,inverse,,1,JZ,Diplomacy,894415,active,,extraction_appendix,1.0,implemented,EVENT,E7_Activity,CLASS,,false,relationship_types_seed.cypher
Diplomatic,OFFER_REJECTED_BY,Diplomatic offer was rejected by entity,,inverse,,1,JZ,Diplomacy,894415,active,,extraction_appendix,1.0,implemented,EVENT,E7_Activity,CLASS,,false,relationship_types_seed.cypher
Diplomatic,RECEIVED_APPEAL_FROM,Entity received appeal/request for help,,inverse,,1,JZ,Diplomacy,894415,active,,extraction_appendix,1.0,implemented,EVENT,E7_Activity,CLASS,,false,relationship_types_seed.cypher
Diplomatic,RECEIVED_ENVOYS_FROM,Received diplomatic envoys/representatives from entity,,inverse,,1,JZ,Diplomacy,894415,active,,extraction_appendix,1.0,implemented,EVENT,E7_Activity,CLASS,,false,relationship_types_seed.cypher
Diplomatic,RECEIVED_OFFER_FROM,Received offer of subjection/alliance from entity,,inverse,,1,JZ,Diplomacy,894415,active,,extraction_appendix,1.0,implemented,EVENT,E7_Activity,CLASS,,false,relationship_types_seed.cypher
Diplomatic,REJECTED_OFFER,Rejected diplomatic offer/proposal,,forward,,1,JZ,Diplomacy,894415,active,,extraction_appendix,1.0,implemented,EVENT,E7_Activity,CLASS,,false,relationship_types_seed.cypher
Diplomatic,SENT_ENVOYS_TO,Sent diplomatic envoys/representatives,,forward,,1,JZ,Diplomacy,894415,active,,extraction_appendix,1.0,implemented,EVENT,E7_Activity,CLASS,,false,relationship_types_seed.cypher
Economic,AVAILABLE_TO,Type available to social group,,forward,,1,HB,Economics,902116,active,Social availability,discovery_schema,1.0,candidate,,,,,false,
Economic,CONFISCATED_LAND_FROM,Confiscated land from,,forward,ECONOMIC_ACTION,2,HB,Economics,902116,active,,bidirectional_csv,1.0,implemented,EVENT,E8_Acquisition,CLASS,,false,relationship_types_seed.cypher
Economic,COST,Type has cost/value characteristic,,forward,,1,HB,Economics,902116,active,Cost descriptor,discovery_schema,1.0,candidate,,,,,false,
Economic,DISTRIBUTED_LAND_TO,Distributed confiscated/conquered land,,forward,,1,HB,Economics,902116,active,,extraction_appendix,1.0,implemented,EVENT,E8_Acquisition,CLASS,,false,relationship_types_seed.cypher
Economic,ECONOMIC_ACTION,Generic economic action,,unidirectional,,1,HB,Economics,902116,active,,bidirectional_csv,1.0,implemented,EVENT,E7_Activity,CLASS,,false,relationship_types_seed.cypher
Economic,EXPERIENCED_RECESSION,Economy experienced recession,,forward,,1,HB,Economics,902116,active,,bidirectional_csv,1.0,implemented,EVENT,E5_Event,CLASS,,false,relationship_types_seed.cypher
Economic,LAND_CONFISCATED_BY,Had land confiscated by,,inverse,ECONOMIC_ACTION,2,HB,Economics,902116,active,,bidirectional_csv,1.0,implemented,EVENT,E8_Acquisition,CLASS,,false,relationship_types_seed.cypher
Economic,LAND_DISTRIBUTED_BY,Land was distributed by entity,,inverse,,1,HB,Economics,902116,active,,extraction_appendix,1.0,implemented,EVENT,E8_Acquisition,CLASS,,false,relationship_types_seed.cypher
Economic,PRODUCED_BY,Good/service produced by entity,P1056,inverse,,1,HB,Economics,902116,active,,bidirectional_csv,1.0,implemented,EVENT,E12_Production,CLASS,produced,false,relationship_types_seed.cypher
Economic,PRODUCES_GOOD,Entity produces good or service,P1056,forward,,1,HB,Economics,902116,active,,bidirectional_csv,1.0,implemented,EVENT,E12_Production,CLASS,,false,relationship_types_seed.cypher
Economic,RECESSION_IN,Recession occurred in economy,,inverse,,1,HB,Economics,902116,active,,bidirectional_csv,1.0,implemented,EVENT,E5_Event,CLASS,,false,relationship_types_seed.cypher
Economic,RESTRICTED_TO,Type restricted to group,,forward,,1,HB,Economics,902116,active,Social restriction,discovery_schema,1.0,candidate,,,,,false,
Economic,SOLD_INTO_SLAVERY,Sold people into slavery,,forward,,1,HB,Economics,902116,active,,extraction_appendix,1.0,implemented,EVENT,E8_Acquisition,CLASS,,false,relationship_types_seed.cypher
Economic,SOLD_INTO_SLAVERY_BY,People were sold into slavery by entity,,inverse,,1,HB,Economics,902116,active,,extraction_appendix,1.0,implemented,EVENT,E8_Acquisition,CLASS,,false,relationship_types_seed.cypher
Economic,TAXED,Taxation,,forward,,1,HB,Economics,902116,active,,roman_republic_csv,1.0,implemented,EVENT,E7_Activity,CLASS,,false,relationship_types_seed.cypher
Economic,VALUED_AT,Type valued at amount,,forward,,1,HB,Economics,902116,active,Monetary value,discovery_schema,1.0,candidate,,,,,false,
Evolution,CEASED_USE_IN,Type ceased to be used in period,P582,forward,,1,QB,Time,1151043,active,Cessation period,discovery_schema,1.0,candidate,,,,,false,
Evolution,DISPLACED_BY,Type was displaced by another type,,forward,,1,GN,Culture,885059,active,Displacement relationship,discovery_schema,1.0,candidate,,,,,false,
Evolution,INTRODUCED_BY,Type was introduced by event,,forward,,1,QB,Time,1151043,active,Introduction event,discovery_schema,1.0,candidate,,,,,false,
Evolution,INTRODUCED_IN,Type was introduced in period,P580,forward,,1,QB,Time,1151043,active,Introduction period,discovery_schema,1.0,candidate,,,,,false,
Evolution,OBSOLETE_AFTER,Type became obsolete after event,P582,forward,,1,QB,Time,1151043,active,Obsolescence event,discovery_schema,1.0,candidate,,,,,false,
Evolution,OBSOLETE_DUE_TO,Type became obsolete due to reason,,forward,,1,GN,Culture,885059,active,Reason for obsolescence,discovery_schema,1.0,candidate,,,,,false,
Evolution,PHASED_OUT_BECAUSE,Type was phased out because of reason,,forward,,1,GN,Culture,885059,active,Reason for phasing out,discovery_schema,1.0,candidate,,,,,false,
Evolution,PREVALENT_DURING,Type was prevalent during period,,forward,,1,QB,Time,1151043,active,Period of common use with temporal bounds,discovery_schema,1.0,candidate,,,,,false,
Evolution,REPLACED_BY,Type was replaced by another type,P1366,forward,,1,GN,Culture,885059,active,Replacement relationship,discovery_schema,1.0,candidate,,,,,false,
Evolution,SUPERSEDED_BY,Type was superseded by another type,P1366,forward,,1,GN,Culture,885059,active,Supersession relationship,discovery_schema,1.0,candidate,,,,,false,
Familial,ADOPTED,Adopter legally adopted person,,forward,FAMILIAL_RELATION,3,HQ,Family,1728849,active,,bidirectional_csv,1.0,candidate,,,,,false,
Familial,ADOPTED_BY,Person was legally adopted by adopter,,inverse,FAMILIAL_RELATION,3,HQ,Family,1728849,active,,bidirectional_csv,1.0,candidate,,,,,false,
Familial,AUNT_OF,Aunt of person,,forward,FAMILIAL_RELATION,3,HQ,Family,1728849,active,,familial_expansion,1.0,implemented,PROPERTY,P107_has_member (family),PROPERTY,Extended family structure,false,relationship_types_seed.cypher
Familial,BROTHER_IN_LAW,Person is brother-in-law,,inverse,FAMILIAL_RELATION,3,HQ,Family,1728849,active,,familial_expansion,1.0,candidate,,,,,false,
Familial,BROTHER_IN_LAW_OF,Brother-in-law of person,,forward,FAMILIAL_RELATION,3,HQ,Family,1728849,active,,familial_expansion,1.0,candidate,,,,,false,
Familial,CHILD_OF,Person is child of parent,,forward,FAMILIAL_RELATION,2,HQ,Family,1728849,active,,bidirectional_csv,1.0,implemented,PROPERTY,P152i_is_parent_of,PROPERTY,Biological fact,false,relationship_types_seed.cypher
Familial,COUSIN_OF,Person is cousin,,symmetric,FAMILIAL_RELATION,3,HQ,Family,1728849,active,,familial_expansion,1.0,implemented,PROPERTY,P107_has_member (family),PROPERTY,Extended family structure,false,relationship_types_seed.cypher
Familial,DAUGHTER_IN_LAW,Person is daughter-in-law,,inverse,FAMILIAL_RELATION,3,HQ,Family,1728849,active,,familial_expansion,1.0,candidate,,,,,false,
Familial,DAUGHTER_IN_LAW_OF,Daughter-in-law of person,,forward,FAMILIAL_RELATION,3,HQ,Family,1728849,active,,familial_expansion,1.0,candidate,,,,,false,
Familial,FAMILIAL_RELATION,Generic familial relationship,,unidirectional,,1,HQ,Family,1728849,active,,bidirectional_csv,1.0,candidate,,,,,false,
Familial,FATHER_IN_LAW,Person is father-in-law,,inverse,FAMILIAL_RELATION,3,HQ,Family,1728849,active,,familial_expansion,1.0,candidate,,,,,false,
Familial,FATHER_IN_LAW_OF,Father-in-law of person,,forward,FAMILIAL_RELATION,3,HQ,Family,1728849,active,,familial_expansion,1.0,candidate,,,,,false,
Familial,FATHER_OF,Father of child,P40,forward,FAMILIAL_RELATION,2,HQ,Family,1728849,active,,bidirectional_csv,1.0,implemented,PROPERTY,P97_from_father,PROPERTY,child,false,manual_curated_2026-02-13
Familial,GRANDCHILD_OF,Grandchild of grandparent,,forward,FAMILIAL_RELATION,3,HQ,Family,1728849,active,,bidirectional_csv,1.0,implemented,PROPERTY,P152 chain,PROPERTY,Derived from parent relations,false,relationship_types_seed.cypher
Familial,GRANDPARENT_OF,Grandparent of grandchild,,inverse,FAMILIAL_RELATION,3,HQ,Family,1728849,active,,bidirectional_csv,1.0,implemented,PROPERTY,P152 chain,PROPERTY,Derived from parent relations,false,relationship_types_seed.cypher
Familial,HALF_SIBLING_OF,Person is half-sibling,,symmetric,FAMILIAL_RELATION,3,HQ,Family,1728849,active,,familial_expansion,1.0,implemented,PROPERTY,P107_has_member (family),PROPERTY,Biological structure,false,relationship_types_seed.cypher
Familial,MOTHER_IN_LAW,Person is mother-in-law,,inverse,FAMILIAL_RELATION,3,HQ,Family,1728849,active,,familial_expansion,1.0,candidate,,,,,false,
Familial,MOTHER_IN_LAW_OF,Mother-in-law of person,,forward,FAMILIAL_RELATION,3,HQ,Family,1728849,active,,familial_expansion,1.0,candidate,,,,,false,
Familial,MOTHER_OF,Mother of child,P40,forward,FAMILIAL_RELATION,2,HQ,Family,1728849,active,,bidirectional_csv,1.0,implemented,PROPERTY,P96_by_mother,PROPERTY,child,false,manual_curated_2026-02-13
Familial,NEPHEW_OR_NIECE_OF,Person is nephew or niece,,inverse,FAMILIAL_RELATION,3,HQ,Family,1728849,active,,familial_expansion,1.0,implemented,PROPERTY,P107_has_member (family),PROPERTY,Extended family structure,false,relationship_types_seed.cypher
Familial,PARENT_OF,Parent of child,P40,inverse,FAMILIAL_RELATION,2,HQ,Family,1728849,active,,bidirectional_csv,1.0,implemented,PROPERTY,P152_has_parent,PROPERTY,child,false,manual_curated_2026-02-13
Familial,SIBLING_OF,Person is sibling,,forward,FAMILIAL_RELATION,2,HQ,Family,1728849,active,,bidirectional_csv,1.0,implemented,PROPERTY,P107_has_member (family),PROPERTY,Biological/structural fact,false,relationship_types_seed.cypher
Familial,SISTER_IN_LAW,Person is sister-in-law,,inverse,FAMILIAL_RELATION,3,HQ,Family,1728849,active,,familial_expansion,1.0,candidate,,,,,false,
Familial,SISTER_IN_LAW_OF,Sister-in-law of person,,forward,FAMILIAL_RELATION,3,HQ,Family,1728849,active,,familial_expansion,1.0,candidate,,,,,false,
Familial,SON_IN_LAW,Person is son-in-law,,inverse,FAMILIAL_RELATION,3,HQ,Family,1728849,active,,familial_expansion,1.0,candidate,,,,,false,
Familial,SON_IN_LAW_OF,Son-in-law of person,,forward,FAMILIAL_RELATION,3,HQ,Family,1728849,active,,familial_expansion,1.0,candidate,,,,,false,
Familial,SPOUSE_OF,Person is spouse (symmetric),P26,symmetric,FAMILIAL_RELATION,2,HQ,Family,1728849,active,,bidirectional_csv,1.0,implemented,PROPERTY,P107_has_member (family),PROPERTY,spouse,false,manual_curated_2026-02-13
Familial,STEPCHILD_OF,Person is stepchild of stepparent,,forward,FAMILIAL_RELATION,2,HQ,Family,1728849,active,,bidirectional_csv,1.0,implemented,PROPERTY,P107_has_member (family),PROPERTY,Legal/social fact (or reify adoption),false,relationship_types_seed.cypher
Familial,STEPPARENT_OF,Stepparent of stepchild,,inverse,FAMILIAL_RELATION,2,HQ,Family,1728849,active,,bidirectional_csv,1.0,implemented,PROPERTY,P107_has_member (family),PROPERTY,Legal/social fact (or reify adoption),false,relationship_types_seed.cypher
Familial,UNCLE_OF,Uncle of person,,forward,FAMILIAL_RELATION,3,HQ,Family,1728849,active,,familial_expansion,1.0,implemented,PROPERTY,P107_has_member (family),PROPERTY,Extended family structure,false,relationship_types_seed.cypher
Functional,DESIGNED_FOR,Purpose for which type was designed,,forward,,1,T,Technology,1145002,active,Design purpose,discovery_schema,1.0,candidate,,,,,false,
Functional,EFFECTIVE_AGAINST,Type is effective against target,,forward,,1,T,Technology,1145002,active,Effectiveness relationship,discovery_schema,1.0,candidate,,,,,false,
Functional,INEFFECTIVE_AGAINST,Type is ineffective against target,,forward,,1,T,Technology,1145002,active,Ineffectiveness relationship,discovery_schema,1.0,candidate,,,,,false,
Functional,OPTIMAL_IN,Type is optimal in context/situation,,forward,,1,T,Technology,1145002,active,Optimal context,discovery_schema,1.0,candidate,,,,,false,
Geographic,BIRTHPLACE_OF,Place is birthplace of person,P19,inverse,LOCATED_IN,2,G,Geography,940469,active,,bidirectional_csv,1.0,implemented,EVENT,E67_Birth,CLASS,,false,relationship_types_seed.cypher
Geographic,BORN_IN,Person was born in place,P19,forward,LOCATED_IN,2,G,Geography,940469,active,,bidirectional_csv,1.0,implemented,EVENT,E67_Birth,CLASS,place of birth,false,relationship_types_seed.cypher
Geographic,CAMPAIGN_IN,Military campaign location,,forward,,1,G,Geography,940469,active,,roman_republic_csv,1.0,implemented,EVENT,E7_Activity,CLASS,,false,relationship_types_seed.cypher
Geographic,DEATH_PLACE_OF,Place is death place of person,P20,inverse,LOCATED_IN,2,G,Geography,940469,active,,bidirectional_csv,1.0,implemented,EVENT,E69_Death,CLASS,,false,relationship_types_seed.cypher
Geographic,DIED_IN,Person died in place,P20,forward,LOCATED_IN,2,G,Geography,940469,active,,bidirectional_csv,1.0,implemented,EVENT,E69_Death,CLASS,place of death,false,relationship_types_seed.cypher
Geographic,EXILED,Person was exiled to place,,forward,LOCATED_IN,2,G,Geography,940469,active,,bidirectional_csv,1.0,implemented,EVENT,E9_Move,CLASS,,false,relationship_types_seed.cypher
Geographic,EXILED_BY,Place exiled person (jurisdiction),,inverse,LOCATED_IN,2,G,Geography,940469,active,,bidirectional_csv,1.0,implemented,EVENT,E9_Move,CLASS,,false,relationship_types_seed.cypher
Geographic,FLED_FROM,Fled from location,,forward,LOCATED_IN,2,G,Geography,940469,active,,bidirectional_csv,1.0,implemented,EVENT,E9_Move,CLASS,,false,relationship_types_seed.cypher
Geographic,FLED_TO,Fled to location (exile/escape),,forward,LOCATED_IN,2,G,Geography,940469,active,,bidirectional_csv,1.0,implemented,EVENT,E9_Move,CLASS,,false,relationship_types_seed.cypher
Geographic,FOUNDED,Established place,P112,forward,,1,G,Geography,940469,active,,roman_republic_csv,1.0,implemented,EVENT,E63_Beginning_of_Existence,CLASS,founded by,false,relationship_types_seed.cypher
Geographic,HAS_PART,Place comprises/contains place component,P527,inverse,,2,G,Geography,940469,active,Use for spatial composition - country HAS_PART regions,spatial_composition,1.0,candidate,,,,,false,
Geographic,LIVED_IN,Person lived in or resided in a place,,forward,LOCATED_IN,2,G,Geography,940469,active,,bidirectional_csv,1.0,implemented,STATE,E7_Activity,CLASS,,false,relationship_types_seed.cypher
Geographic,LOCATED_IN,Entity is located in place,P131,forward,,1,G,Geography,940469,active,,bidirectional_csv,1.0,implemented,PROPERTY,P53 (has location),PROPERTY,located in the administrative territorial entity,false,manual_curated_2026-02-13
Geographic,LOCATION_OF,Place is location of entity,,inverse,,1,G,Geography,940469,active,,bidirectional_csv,1.0,implemented,PROPERTY,P53i (is location of),PROPERTY,,false,relationship_types_seed.cypher
Geographic,MIGRATED_FROM,Group migrated from a place,,forward,LOCATED_IN,2,G,Geography,940469,active,,bidirectional_csv,1.0,implemented,EVENT,E9_Move,CLASS,,false,relationship_types_seed.cypher
Geographic,MIGRATED_TO,Group migrated to a place,,forward,LOCATED_IN,2,G,Geography,940469,active,,bidirectional_csv,1.0,implemented,EVENT,E9_Move,CLASS,,false,relationship_types_seed.cypher
Geographic,PART_OF,Place is part of larger place,P361,forward,,2,G,Geography,940469,active,Use for spatial composition - region PART_OF country,spatial_composition,1.0,candidate,,,,,false,
Geographic,RENAMED,Renamed place or entity,P1448,forward,,1,G,Geography,940469,active,,extraction_appendix,1.0,implemented,EVENT,E15_Identifier_Assignment,CLASS,official name,false,relationship_types_seed.cypher
Geographic,RENAMED_TO,Place was renamed to new name,P1448,inverse,,1,G,Geography,940469,active,,extraction_appendix,1.0,implemented,EVENT,E15_Identifier_Assignment,CLASS,,false,relationship_types_seed.cypher
Geographic,RESIDENCE_OF,Place was residence of a person,,inverse,LOCATED_IN,2,G,Geography,940469,active,,bidirectional_csv,1.0,implemented,STATE,E7_Activity,CLASS,,false,relationship_types_seed.cypher
Honorific,AWARDED_TO,Award was given to person,P166,inverse,HONORED,2,CR,Honors,959979,active,,bidirectional_csv,1.0,implemented,EVENT,E13_Attribute_Assignment,CLASS,award received,false,relationship_types_seed.cypher
Honorific,AWARD_RECEIVED,Person received award or decoration,P166,forward,HONORED,2,CR,Honors,959979,active,,bidirectional_csv,1.0,implemented,EVENT,E13_Attribute_Assignment,CLASS,,false,relationship_types_seed.cypher
Honorific,DECORATED_WITH,Person decorated with award,,forward,HONORED,3,CR,Honors,959979,active,,bidirectional_csv,1.0,implemented,EVENT,E13_Attribute_Assignment,CLASS,,false,relationship_types_seed.cypher
Honorific,DECORATION_OF,Decoration was awarded to person,,inverse,HONORED,3,CR,Honors,959979,active,,bidirectional_csv,1.0,implemented,EVENT,E13_Attribute_Assignment,CLASS,,false,relationship_types_seed.cypher
Honorific,GRANTED_TITLE,Title was granted to person,,forward,HONORED,3,CR,Honors,959979,active,,bidirectional_csv,1.0,implemented,EVENT,E13_Attribute_Assignment,CLASS,,false,relationship_types_seed.cypher
Honorific,HONORED,Honored or praised person,,forward,HONORED,1,CR,Honors,959979,active,,bidirectional_csv,1.0,implemented,EVENT,E13_Attribute_Assignment,CLASS,,false,relationship_types_seed.cypher
Honorific,HONORED_BY,Was honored by,,inverse,HONORED,1,CR,Honors,959979,active,,bidirectional_csv,1.0,implemented,EVENT,E13_Attribute_Assignment,CLASS,,false,relationship_types_seed.cypher
Honorific,TITLE_GRANTED_BY,Person was granted title by grantor,,inverse,HONORED,3,CR,Honors,959979,active,,bidirectional_csv,1.0,implemented,EVENT,E13_Attribute_Assignment,CLASS,,false,relationship_types_seed.cypher
Ideological,ADHERES_TO,Person or organization adheres to ideology,P1142,forward,,1,HM,Ideology,967151,active,,bidirectional_csv,1.0,implemented,PROPERTY,P2_has_type,PROPERTY,ideology,false,relationship_types_seed.cypher
Ideological,IDEOLOGY_OF,Ideology is adhered to by person/organization,P1142,inverse,,1,HM,Ideology,967151,active,,bidirectional_csv,1.0,implemented,PROPERTY,P2i_is_type_of,PROPERTY,,false,relationship_types_seed.cypher
Institutional,APPOINTED,Entity appointed person to office,P39,forward,,1,JF,Political institutions,1069240,active,,bidirectional_csv,1.0,implemented,EVENT,E13_Attribute_Assignment,CLASS,position held,false,relationship_types_seed.cypher
Institutional,APPOINTED_BY,Person was appointed by entity,P39,inverse,,1,JF,Political institutions,1069240,active,,bidirectional_csv,1.0,implemented,EVENT,E13_Attribute_Assignment,CLASS,,false,relationship_types_seed.cypher
Institutional,INSTITUTIONAL_ACTION,Generic institutional action,,unidirectional,,1,JF,Political institutions,1069240,active,,bidirectional_csv,1.0,implemented,EVENT,E7_Activity,CLASS,,false,relationship_types_seed.cypher
Institutional,LEGITIMATED,Institution legitimated authority,,forward,,1,JF,Political institutions,1069240,active,,bidirectional_csv,1.0,implemented,EVENT,E13_Attribute_Assignment,CLASS,,false,relationship_types_seed.cypher
Institutional,LEGITIMATED_BY,Authority was legitimated by institution,,inverse,,1,JF,Political institutions,1069240,active,,bidirectional_csv,1.0,implemented,EVENT,E13_Attribute_Assignment,CLASS,,false,relationship_types_seed.cypher
Institutional,REFORMED,Reformed institution/system,,forward,INSTITUTIONAL_ACTION,2,JF,Political institutions,1069240,active,,bidirectional_csv,1.0,implemented,EVENT,E11_Modification,CLASS,,false,relationship_types_seed.cypher
Institutional,REFORMED_BY,Was reformed by,,inverse,INSTITUTIONAL_ACTION,2,JF,Political institutions,1069240,active,,bidirectional_csv,1.0,implemented,EVENT,E11_Modification,CLASS,,false,relationship_types_seed.cypher
Institutional,REINSTATED,Reinstated dormant office/institution,,forward,INSTITUTIONAL_ACTION,2,JF,Political institutions,1069240,active,,bidirectional_csv,1.0,implemented,EVENT,E63_Beginning_of_Existence,CLASS,,false,relationship_types_seed.cypher
Institutional,REINSTATED_BY,Was reinstated by,,inverse,INSTITUTIONAL_ACTION,2,JF,Political institutions,1069240,active,,bidirectional_csv,1.0,implemented,EVENT,E63_Beginning_of_Existence,CLASS,,false,relationship_types_seed.cypher
Legal,CHARGED_WITH,Person was charged with crime,,forward,LEGAL_ACTION,2,K,Law,993678,active,,bidirectional_csv,1.0,implemented,EVENT,E13_Attribute_Assignment,CLASS,,false,relationship_types_seed.cypher
Legal,CHARGES_AGAINST,Crime was charged against person,,inverse,LEGAL_ACTION,2,K,Law,993678,active,,bidirectional_csv,1.0,implemented,EVENT,E13_Attribute_Assignment,CLASS,,false,relationship_types_seed.cypher
Legal,CONDEMNATION_OF,Condemnation without trial of person,,inverse,LEGAL_ACTION,3,K,Law,993678,active,,bidirectional_csv,1.0,implemented,EVENT,E13_Attribute_Assignment,CLASS,,false,relationship_types_seed.cypher
Legal,CONDEMNED_WITHOUT_TRIAL,Condemned without judicial trial,,forward,LEGAL_ACTION,3,K,Law,993678,active,,bidirectional_csv,1.0,implemented,EVENT,E13_Attribute_Assignment,CLASS,,false,relationship_types_seed.cypher
Legal,CONVICTED_OF,Person was convicted of crime,P1399,forward,LEGAL_ACTION,2,K,Law,993678,active,,bidirectional_csv,1.0,implemented,EVENT,E13_Attribute_Assignment,CLASS,convicted of,false,relationship_types_seed.cypher
Legal,CONVICTION_OF,Crime had person convicted,P1399,inverse,LEGAL_ACTION,2,K,Law,993678,active,,bidirectional_csv,1.0,implemented,EVENT,E13_Attribute_Assignment,CLASS,convicted of,false,manual_curated_2026-02-13
Legal,EXECUTED,Entity executed individual/small group,,forward,LEGAL_ACTION,3,K,Law,993678,active,,bidirectional_csv,1.0,implemented,EVENT,E69_Death,CLASS,,false,relationship_types_seed.cypher
Legal,EXECUTED_BY,Individual was executed by entity,,inverse,LEGAL_ACTION,3,K,Law,993678,active,,bidirectional_csv,1.0,implemented,EVENT,E69_Death,CLASS,,false,relationship_types_seed.cypher
Legal,IMPRISONED_IN,Person was imprisoned in facility,,forward,LEGAL_ACTION,2,K,Law,993678,active,,bidirectional_csv,1.0,implemented,EVENT,E7_Activity,CLASS,,false,relationship_types_seed.cypher
Legal,IMPRISONMENT_OF,Facility held person imprisoned,,inverse,LEGAL_ACTION,2,K,Law,993678,active,,bidirectional_csv,1.0,implemented,EVENT,E7_Activity,CLASS,,false,relationship_types_seed.cypher
Legal,LEGAL_ACTION,Generic legal action,,unidirectional,,1,K,Law,993678,active,,bidirectional_csv,1.0,implemented,EVENT,E7_Activity,CLASS,,false,relationship_types_seed.cypher
Legal,SENTENCED_TO,Person was sentenced to punishment,,forward,LEGAL_ACTION,2,K,Law,993678,active,,bidirectional_csv,1.0,implemented,EVENT,E13_Attribute_Assignment,CLASS,,false,relationship_types_seed.cypher
Legal,SENTENCE_OF,Punishment was sentenced to person,,inverse,LEGAL_ACTION,2,K,Law,993678,active,,bidirectional_csv,1.0,implemented,EVENT,E13_Attribute_Assignment,CLASS,,false,relationship_types_seed.cypher
Linguistic,LANGUAGE_OF,Language was spoken by people/group,P1412,inverse,,1,P,Language and languages,992154,active,,extraction_appendix,1.0,implemented,PROPERTY,P72i_is_language_of,PROPERTY,,false,relationship_types_seed.cypher
Linguistic,SPOKE_LANGUAGE,People/group spoke a language,P1412,forward,,1,P,Language and languages,992154,active,,extraction_appendix,1.0,implemented,PROPERTY,P72_has_language,PROPERTY,languages,false,relationship_types_seed.cypher
Measurement,HAS_INDICATOR,Entity has quantified indicator,,forward,,1,QA,Measurement,1715944,active,,bidirectional_csv,1.0,implemented,PROPERTY,P43_has_dimension,PROPERTY,Quantitative property,false,relationship_types_seed.cypher
Measurement,INDICATOR_OF,Quantified indicator describes entity,,inverse,,1,QA,Measurement,1715944,active,,bidirectional_csv,1.0,implemented,PROPERTY,P43i_is_dimension_of,PROPERTY,(Inverse),false,relationship_types_seed.cypher
Membership,HAS_MEMBER,Group has member,P463,inverse,,1,HS,Organizations,1047747,active,,bidirectional_csv,1.0,implemented,EVENT,E85_Joining,CLASS,member of,false,manual_curated_2026-02-13
Membership,MEMBER_OF,Person is member of group,P463,forward,,1,HS,Organizations,1047747,active,,bidirectional_csv,1.0,implemented,EVENT,E85_Joining,CLASS,member of,false,manual_curated_2026-02-13
Military,BATTLED_IN,Entity fought in battle,P607,forward,MILITARY_ACTION,2,U,Military art and science,1020874,active,,bidirectional_csv,1.0,implemented,EVENT,E7_Activity,CLASS,conflict,false,manual_curated_2026-02-13
Military,BATTLE_PARTICIPANT,Entity was participant in battle,,inverse,MILITARY_ACTION,2,U,Military art and science,1020874,active,,bidirectional_csv,1.0,implemented,EVENT,E7_Activity,CLASS,,false,relationship_types_seed.cypher
Military,BESIEGED,Laid siege to place,,forward,FOUGHT_IN,3,U,Military art and science,1020874,active,,bidirectional_csv,1.0,implemented,EVENT,E7_Activity,CLASS,,false,relationship_types_seed.cypher
Military,BESIEGED_BY,Place was besieged by,,inverse,FOUGHT_IN,3,U,Military art and science,1020874,active,,bidirectional_csv,1.0,implemented,EVENT,E7_Activity,CLASS,,false,relationship_types_seed.cypher
Military,BETRAYED,Entity betrayed trust/loyalty,,forward,MILITARY_ACTION,3,U,Military art and science,1020874,active,,bidirectional_csv,1.0,implemented,EVENT,E7_Activity,CLASS,,false,relationship_types_seed.cypher
Military,BETRAYED_BY,Entity was betrayed,,inverse,MILITARY_ACTION,3,U,Military art and science,1020874,active,,bidirectional_csv,1.0,implemented,EVENT,E7_Activity,CLASS,,false,relationship_types_seed.cypher
Military,COMMANDED_BY,Was commanded by,,inverse,POSITION_HELD,2,U,Military art and science,1020874,active,,bidirectional_csv,1.0,implemented,EVENT,E7_Activity,CLASS,,false,relationship_types_seed.cypher
Military,DEFEATED,Defeated opponent in battle/campaign,,forward,FOUGHT_IN,3,U,Military art and science,1020874,active,,bidirectional_csv,1.0,implemented,EVENT,E7_Activity,CLASS,,false,relationship_types_seed.cypher
Military,DEFEATED_BY,Was defeated by opponent,,inverse,FOUGHT_IN,3,U,Military art and science,1020874,active,,bidirectional_csv,1.0,implemented,EVENT,E7_Activity,CLASS,,false,relationship_types_seed.cypher
Military,DEFECTED_FROM,Defected from,,inverse,RELATED_TO,3,U,Military art and science,1020874,active,,bidirectional_csv,1.0,implemented,EVENT,E86_Leaving,CLASS,,false,relationship_types_seed.cypher
Military,DEFECTED_TO,Defected to join,,forward,RELATED_TO,3,U,Military art and science,1020874,active,,bidirectional_csv,1.0,implemented,EVENT,E85_Joining,CLASS,,false,relationship_types_seed.cypher
Military,FOUGHT_IN,Entity participated in battle/war,P607,forward,MILITARY_ACTION,1,U,Military art and science,1020874,active,,bidirectional_csv,1.0,implemented,EVENT,E7_Activity,CLASS,conflict,false,manual_curated_2026-02-13
Military,GARRISONED,Left military garrison in place,,forward,,1,U,Military art and science,1020874,active,,extraction_appendix,1.0,implemented,EVENT,E7_Activity,CLASS,,false,relationship_types_seed.cypher
Military,GARRISONED_BY,Place was garrisoned by military force,,inverse,,1,U,Military art and science,1020874,active,,extraction_appendix,1.0,implemented,EVENT,E7_Activity,CLASS,,false,relationship_types_seed.cypher
Military,LEVELLED,Completely destroyed/razed to ground,,forward,,1,U,Military art and science,1020874,active,,extraction_appendix,1.0,implemented,EVENT,E6_Destruction,CLASS,,false,relationship_types_seed.cypher
Military,LEVELLED_BY,Place was completely destroyed/razed,,inverse,,1,U,Military art and science,1020874,active,,extraction_appendix,1.0,implemented,EVENT,E6_Destruction,CLASS,,false,relationship_types_seed.cypher
Military,MASSACRED,Massacred group of people,,forward,FOUGHT_IN,3,U,Military art and science,1020874,active,,bidirectional_csv,1.0,implemented,EVENT,E7_Activity,CLASS,,false,relationship_types_seed.cypher
Military,MASSACRED_BY,Was massacred by,,inverse,FOUGHT_IN,3,U,Military art and science,1020874,active,,bidirectional_csv,1.0,implemented,EVENT,E7_Activity,CLASS,,false,relationship_types_seed.cypher
Military,MILITARY_ACTION,Generic military action,,unidirectional,,1,U,Military art and science,1020874,active,,bidirectional_csv,1.0,implemented,EVENT,E7_Activity,CLASS,,false,relationship_types_seed.cypher
Military,SACKED,Pillaged or sacked place,,forward,FOUGHT_IN,3,U,Military art and science,1020874,active,,bidirectional_csv,1.0,implemented,EVENT,E7_Activity,CLASS,,false,relationship_types_seed.cypher
Military,SACKED_BY,Place was sacked by,,inverse,FOUGHT_IN,3,U,Military art and science,1020874,active,,bidirectional_csv,1.0,implemented,EVENT,E7_Activity,CLASS,,false,relationship_types_seed.cypher
Military,SALLIED_FROM,Made military sortie/sally from besieged place,,forward,,1,U,Military art and science,1020874,active,,extraction_appendix,1.0,implemented,EVENT,E9_Move,CLASS,,false,relationship_types_seed.cypher
Military,SERVED_UNDER,Served under commander,,forward,POSITION_HELD,2,U,Military art and science,1020874,active,,bidirectional_csv,1.0,implemented,EVENT,E7_Activity,CLASS,,false,relationship_types_seed.cypher
Moral,COMMITTED_SUICIDE,Person committed suicide,,forward,,3,BJ,Ethics,915833,active,,bidirectional_csv,1.0,candidate,,,,,false,
Moral,RESPONSIBILITY_OF,Atrocity/policy had person/regime responsible,,inverse,CAUSED,3,BJ,Ethics,915833,active,,bidirectional_csv,1.0,candidate,,,,,false,
Moral,RESPONSIBLE_FOR,Person or regime held responsible for atrocity/policy,,forward,CAUSED,3,BJ,Ethics,915833,active,,bidirectional_csv,1.0,candidate,,,,,false,
Political,ADVISED,Institution advised another,,forward,,1,JA,Political science,1069263,active,,roman_republic_csv,1.0,implemented,EVENT,E7_Activity,CLASS,,false,relationship_types_seed.cypher
Political,ALLIED_VIA_MARRIAGE,Political alliance via marriage,,forward,ALLIED_WITH,3,JA,Political science,1069263,active,,bidirectional_csv,1.0,implemented,EVENT,E7_Activity,CLASS,,false,relationship_types_seed.cypher
Political,ALLIED_WITH,Maintained formal/strategic alliance,,forward,RELATED_TO,2,JA,Political science,1069263,active,,bidirectional_csv,1.0,implemented,EVENT,E7_Activity,CLASS,,false,relationship_types_seed.cypher
Political,APPLIES_TO_JURISDICTION,Law/office applies to territory,P1001,forward,,1,JA,Political science,1069263,active,,roman_republic_csv,1.0,implemented,STATE,E3_Condition_State,CLASS,applies to jurisdiction,false,relationship_types_seed.cypher
Political,CAUSED_COLLAPSE_OF,Entity caused collapse of polity,P576,inverse,POLITICAL_CHANGE,2,JA,Political science,1069263,active,,bidirectional_csv,1.0,implemented,EVENT,E64_End_of_Existence,CLASS,,false,relationship_types_seed.cypher
Political,COLLAPSED,Political entity ceased to function,P576,forward,POLITICAL_CHANGE,2,JA,Political science,1069263,active,,bidirectional_csv,1.0,implemented,EVENT,E64_End_of_Existence,CLASS,dissolved date,false,relationship_types_seed.cypher
Political,COMPETED_WITH,Political rivalry,,symmetric,,1,JA,Political science,1069263,active,,roman_republic_csv,1.0,implemented,EVENT,E7_Activity,CLASS,,false,relationship_types_seed.cypher
Political,CONQUERED,Entity conquered territory/polity,,forward,CONTROLLED,2,JA,Political science,1069263,active,,bidirectional_csv,1.0,implemented,EVENT,E8_Acquisition,CLASS,,false,relationship_types_seed.cypher
Political,CONQUERED_BY,Territory was conquered by entity,,inverse,CONTROLLED,2,JA,Political science,1069263,active,,bidirectional_csv,1.0,implemented,EVENT,E8_Acquisition,CLASS,,false,relationship_types_seed.cypher
Political,CONTROLLED,Political entity controlled territory,P17,forward,POLITICAL_CONTROL,1,JA,Political science,1069263,active,,bidirectional_csv,1.0,implemented,EVENT,E7_Activity,CLASS,country,false,relationship_types_seed.cypher
Political,CONTROLLED_BY,Territory was controlled by entity,P17,inverse,POLITICAL_CONTROL,1,JA,Political science,1069263,active,,bidirectional_csv,1.0,implemented,EVENT,E7_Activity,CLASS,,false,relationship_types_seed.cypher
Political,DECLARED_FOR,Publicly declared support for,,forward,RELATED_TO,2,JA,Political science,1069263,active,,bidirectional_csv,1.0,implemented,EVENT,E7_Activity,CLASS,,false,relationship_types_seed.cypher
Political,DECLARED_FOR_BY,Received declaration of support from,,inverse,RELATED_TO,2,JA,Political science,1069263,active,,bidirectional_csv,1.0,implemented,EVENT,E7_Activity,CLASS,,false,relationship_types_seed.cypher
Political,DEPOSED,Removed from power,,forward,,1,JA,Political science,1069263,active,,roman_republic_csv,1.0,implemented,EVENT,E86_Leaving,CLASS,,false,relationship_types_seed.cypher
Political,DESIGNATED_HEIR_OF,Person was designated as heir,,forward,POLITICAL_CHANGE,3,JA,Political science,1069263,active,,bidirectional_csv,1.0,implemented,EVENT,E13_Attribute_Assignment,CLASS,,false,relationship_types_seed.cypher
Political,ENDED_EXISTENCE_OF,Event ended existence of entity,P582,inverse,POLITICAL_STATUS,2,JA,Political science,1069263,active,,bidirectional_csv,1.0,candidate,,,,,false,
Political,GAINED_SOVEREIGNTY_OVER,Gained political sovereignty over entity,,inverse,,1,JA,Political science,1069263,active,,extraction_appendix,1.0,implemented,EVENT,E7_Activity,CLASS,,false,relationship_types_seed.cypher
Political,GOVERNED,Person governed a place,,forward,,1,JA,Political science,1069263,active,,roman_republic_csv,1.0,implemented,EVENT,E7_Activity,CLASS,,false,relationship_types_seed.cypher
Political,HAS_TRIBUTARY,Empire had tributary polity,,inverse,CONTROLLED,3,JA,Political science,1069263,active,,bidirectional_csv,1.0,implemented,EVENT,E7_Activity,CLASS,,false,relationship_types_seed.cypher
Political,HEIR_TO,Person's heir was designated,,inverse,POLITICAL_CHANGE,3,JA,Political science,1069263,active,,bidirectional_csv,1.0,implemented,EVENT,E13_Attribute_Assignment,CLASS,,false,relationship_types_seed.cypher
Political,LOST_SOVEREIGNTY,Lost political independence/sovereignty,,forward,,1,JA,Political science,1069263,active,,extraction_appendix,1.0,implemented,EVENT,E7_Activity,CLASS,,false,relationship_types_seed.cypher
Political,MANIPULATED,Manipulated entity/person,,forward,INFLUENCED,3,JA,Political science,1069263,active,,bidirectional_csv,1.0,implemented,EVENT,E7_Activity,CLASS,,false,relationship_types_seed.cypher
Political,MANIPULATED_BY,Was manipulated by,,inverse,INFLUENCED,3,JA,Political science,1069263,active,,bidirectional_csv,1.0,implemented,EVENT,E7_Activity,CLASS,,false,relationship_types_seed.cypher
Political,MARRIAGE_ALLIANCE_WITH,Marriage alliance partner,,inverse,ALLIED_WITH,3,JA,Political science,1069263,active,,bidirectional_csv,1.0,implemented,EVENT,E7_Activity,CLASS,,false,relationship_types_seed.cypher
Political,OPPOSED,Person/group opposed another,,forward,,1,JA,Political science,1069263,active,,roman_republic_csv,1.0,implemented,EVENT,E7_Activity,CLASS,,false,relationship_types_seed.cypher
Political,OUTLAWED,Declared person an outlaw/enemy,,forward,LEGAL_ACTION,3,JA,Political science,1069263,active,,bidirectional_csv,1.0,implemented,EVENT,E13_Attribute_Assignment,CLASS,,false,relationship_types_seed.cypher
Political,OUTLAWED_BY,Was outlawed by authority,,inverse,LEGAL_ACTION,3,JA,Political science,1069263,active,,bidirectional_csv,1.0,implemented,EVENT,E13_Attribute_Assignment,CLASS,,false,relationship_types_seed.cypher
Political,POLITICAL_CHANGE,Generic political change,,unidirectional,,1,JA,Political science,1069263,active,,bidirectional_csv,1.0,implemented,EVENT,E5_Event,CLASS,,false,relationship_types_seed.cypher
Political,POLITICAL_CONTROL,Generic political control,,unidirectional,,1,JA,Political science,1069263,active,,bidirectional_csv,1.0,implemented,STATE,E3_Condition_State,CLASS,,false,relationship_types_seed.cypher
Political,POLITICAL_STATUS,Generic political status,,unidirectional,,1,JA,Political science,1069263,active,,bidirectional_csv,1.0,implemented,PROPERTY,P2_has_type,PROPERTY,,false,relationship_types_seed.cypher
Political,PROSCRIBED,Officially proscribed (Roman proscription),,forward,LEGAL_ACTION,3,JA,Political science,1069263,active,,bidirectional_csv,1.0,implemented,EVENT,E13_Attribute_Assignment,CLASS,,false,relationship_types_seed.cypher
Political,PROSCRIPTION_OF,Subject of proscription,,inverse,LEGAL_ACTION,3,JA,Political science,1069263,active,,bidirectional_csv,1.0,candidate,,,,,false,
Political,SUBJUGATED,Conquered/subdued and incorporated into empire,,forward,,1,JA,Political science,1069263,active,,extraction_appendix,1.0,candidate,,,,,false,
Political,SUBJUGATED_BY,Was conquered/subdued and incorporated,,inverse,,1,JA,Political science,1069263,active,,extraction_appendix,1.0,candidate,,,,,false,
Political,SUCCEEDED_BY,Person was succeeded by successor,P1366,inverse,POLITICAL_CHANGE,3,JA,Political science,1069263,active,,bidirectional_csv,1.0,candidate,,,,replaced by,false,manual_curated_2026-02-13
Political,SUCCESSOR_OF,Successor succeeded person,P1365,forward,POLITICAL_CHANGE,3,JA,Political science,1069263,active,,bidirectional_csv,1.0,candidate,,,,replaces,false,manual_curated_2026-02-13
Political,SURVIVED_UNTIL,Entity survived until event/date,P582,forward,POLITICAL_STATUS,2,JA,Political science,1069263,active,,bidirectional_csv,1.0,candidate,,,,,false,
Political,TRIBUTARY_OF,Polity paid tribute to empire,,forward,CONTROLLED,3,JA,Political science,1069263,active,,bidirectional_csv,1.0,candidate,,,,,false,
Political,VETOED,Person blocked another's action,,forward,,1,JA,Political science,1069263,active,,roman_republic_csv,1.0,candidate,,,,,false,
Position,APPOINTED_TO,Was appointed to position,P39,forward,POSITION_HELD,2,JF,Public officers,1082238,active,,bidirectional_csv,1.0,candidate,,,,position held,false,manual_curated_2026-02-13
Position,COLLEAGUE_WITH,Shared office contemporaneously,,symmetric,RELATED_TO,2,JF,Public officers,1082238,active,,bidirectional_csv,1.0,candidate,,,,,false,
Position,COMMANDED,Commanded forces,,forward,POSITION_HELD,2,JF,Public officers,1082238,active,,bidirectional_csv,1.0,candidate,,,,,false,
Position,OFFICE_HELD_BY,Office was held by person,P39,inverse,,1,JF,Public officers,1082238,active,,bidirectional_csv,1.0,candidate,,,,,false,
Position,POSITION_HELD,Person held a position or office,P39,forward,,1,JF,Public officers,1082238,active,,bidirectional_csv,1.0,candidate,,,,,false,
Position,RESIGNATION_OF,Resignation from office by person,,inverse,POSITION_HELD,3,JF,Public officers,1082238,active,,bidirectional_csv,1.0,candidate,,,,,false,
Position,RESIGNED_FROM,Voluntarily resigned from office,,forward,POSITION_HELD,3,JF,Public officers,1082238,active,,bidirectional_csv,1.0,candidate,,,,,false,
Position,SERVED_AS,Served in role as,,forward,POSITION_HELD,2,JF,Public officers,1082238,active,,bidirectional_csv,1.0,candidate,,,,,false,
Production,MADE_USING_TECHNIQUE,Type made using technique,P2079,forward,,1,T,Technology,1145002,active,Manufacturing technique,discovery_schema,1.0,candidate,,,,,false,
Production,MANUFACTURED_BY,Type manufactured by organization,P176,forward,,1,T,Technology,1145002,active,Manufacturing organization,discovery_schema,1.0,candidate,,,,,false,
Production,MANUFACTURED_IN,Type manufactured in location,P1071,forward,,1,T,Technology,1145002,active,Manufacturing location,discovery_schema,1.0,candidate,,,,,false,
Production,REQUIRES_MATERIAL,Type requires material for production,,forward,,1,T,Technology,1145002,active,Required material,discovery_schema,1.0,candidate,,,,,false,
Production,REQUIRES_SKILL,Type requires skill to make,,forward,,1,T,Technology,1145002,active,Required skill,discovery_schema,1.0,candidate,,,,,false,
Production,TYPICALLY_MADE_OF,Material type is typically made from,P186,forward,,1,T,Technology,1145002,active,Typical material composition,discovery_schema,1.0,candidate,,,,,false,
Reasoning,I1_INFERRED_FROM,Knowledge inferred from evidence,,forward,,1,,Reasoning,,active,CRMinf property - links evidence to inference,crminf_alignment,1.0,candidate,,,,,true,crminf_alignment
Reasoning,I2_BELIEVED_TO_HOLD,Belief about a fact,,forward,,1,,Reasoning,,active,CRMinf property - links inference/belief to conclusion,crminf_alignment,1.0,candidate,,,,,true,crminf_alignment
Reasoning,I3_HAS_NOTE,Has note or explanation,,forward,,1,,Reasoning,,active,CRMinf property - notes about inference,crminf_alignment,1.0,candidate,,,,,true,crminf_alignment
Reasoning,I4_HAS_UNCERTAINTY,Has uncertainty quantification,,forward,,1,,Reasoning,,active,CRMinf property - uncertainty level,crminf_alignment,1.0,candidate,,,,,true,crminf_alignment
Reasoning,I7_HAS_OBJECT,Old belief being revised,,forward,,1,,Reasoning,,active,CRMinf property - belief revision object,crminf_alignment,1.0,candidate,,,,,true,crminf_alignment
Reasoning,I8_HAS_RESULT,New/revised belief,,forward,,1,,Reasoning,,active,CRMinf property - belief revision result,crminf_alignment,1.0,candidate,,,,,true,crminf_alignment
Relations,ALLY_OF,Was ally of,,forward,RELATED_TO,2,HM,Social relations,1122778,active,,bidirectional_csv,1.0,candidate,,,,,false,
Relations,ALLY_OF_BY,Had ally,,inverse,RELATED_TO,2,HM,Social relations,1122778,active,,bidirectional_csv,1.0,candidate,,,,,false,
Relations,ENEMY_OF,Was enemy of,,forward,RELATED_TO,2,HM,Social relations,1122778,active,,bidirectional_csv,1.0,candidate,,,,,false,
Relations,ENEMY_OF_BY,Had enemy,,inverse,RELATED_TO,2,HM,Social relations,1122778,active,,bidirectional_csv,1.0,candidate,,,,,false,
Relations,INFLUENCED,Influenced entity/person,,forward,RELATED_TO,2,HM,Social relations,1122778,active,,bidirectional_csv,1.0,candidate,,,,,false,
Relations,INFLUENCED_BY,Was influenced by,,inverse,RELATED_TO,2,HM,Social relations,1122778,active,,bidirectional_csv,1.0,candidate,,,,,false,
Relations,RELATED_TO,Generic social/political relation,,unidirectional,,1,HM,Social relations,1122778,active,,bidirectional_csv,1.0,candidate,,,,,false,
Religious,CONVERTED_BY,Religion/agent converted person,P140,inverse,,1,BL,Religion,1093763,active,,bidirectional_csv,1.0,candidate,,,,,false,
Religious,CONVERTED_TO,Person converted to religion,P140,forward,,1,BL,Religion,1093763,active,,bidirectional_csv,1.0,candidate,,,,,false,
Religious,DOMAIN_DEITY,Domain has this deity,,inverse,,1,BL,Religion,1093763,active,,bidirectional_csv,1.0,candidate,,,,,false,
Religious,GOD_OF,Deity is god of domain,,forward,,1,BL,Religion,1093763,active,,bidirectional_csv,1.0,candidate,,,,,false,
Religious,HAS_PATRON_DEITY,Group has patron/tutelary deity,,inverse,,1,BL,Religion,1093763,active,,bidirectional_csv,1.0,candidate,,,,,false,
Religious,PATRON_DEITY_OF,Deity is patron/tutelary god of group,,forward,,1,BL,Religion,1093763,active,,bidirectional_csv,1.0,candidate,,,,,false,
Social,CLIENT_OF,Client to patron,,inverse,,1,HM,Social structure,1123372,active,,roman_republic_csv,1.0,candidate,,,,,false,
Social,FREED_BY,Manumission,,inverse,,1,HM,Social structure,1123372,active,,roman_republic_csv,1.0,candidate,,,,,false,
Social,OWNED,Ownership of slaves,,forward,,1,HM,Social structure,1123372,active,,roman_republic_csv,1.0,candidate,,,,,false,
Social,PATRON_OF,Patron-client relationship,,forward,,1,HM,Social structure,1123372,active,,roman_republic_csv,1.0,candidate,,,,,false,
Social,WEARS,Person wears clothing or garment,,forward,,1,HM,Social structure,1123372,active,Wearing clothing,discovery_schema,1.0,candidate,,,,,false,
Social,WORN_BY,Garment is worn by person,,inverse,,1,HM,Social structure,1123372,active,Inverse of WEARS,discovery_schema,1.0,candidate,,,,,false,
Temporal,CONTAINS_EVENT,Period contains event,,inverse,,1,QB,Time,1151043,active,Inverse of DURING,temporal_corrections,1.0,candidate,,,,,false,
Temporal,CONTAINS_PERIOD,Period contains sub-period,P527,inverse,,2,QB,Time,1151043,active,Use this instead of HAS_PART for temporal period containment,temporal_corrections,1.0,candidate,,,,,false,
Temporal,DURING,Event occurred during period,,forward,,1,QB,Time,1151043,active,For events within time periods,temporal_corrections,1.0,candidate,,,,,false,
Temporal,OVERLAPS_WITH,Periods overlap temporally,,symmetric,,1,QB,Time,1151043,active,For temporal overlap between periods,temporal_corrections,1.0,candidate,,,,,false,
Temporal,SUB_PERIOD_OF,Smaller period within larger period,P361,forward,,2,QB,Time,1151043,active,Use this instead of PART_OF for temporal period containment,temporal_corrections,1.0,candidate,,,,,false,
Temporal,WITHIN_TIMESPAN,Entity exists within timespan,,forward,,1,QB,Time,1151043,active,For entities with defined temporal bounds,temporal_corrections,1.0,candidate,,,,,false,
Trade,EXPORTED_TO,Exported goods to,,forward,,1,HF,Commerce,869279,active,,bidirectional_csv,1.0,candidate,,,,,false,
Trade,IMPORTED_FROM,Imported goods from,,forward,,1,HF,Commerce,869279,active,,bidirectional_csv,1.0,candidate,,,,,false,
Trade,MAJOR_TRADING_PARTNER,Country/region with significant bilateral trade,,symmetric,,1,HF,Commerce,869279,active,,bidirectional_csv,1.0,candidate,,,,,false,
Typological,ALTERNATIVE_TO,Alternative/equivalent to another type,,symmetric,,1,GN,Culture,885059,active,Equivalent alternatives,discovery_schema,1.0,candidate,,,,,false,
Typological,HAS_VARIANT,Has variant or subtype,,inverse,,1,GN,Culture,885059,active,Inverse of VARIANT_OF,discovery_schema,1.0,candidate,,,,,false,
Typological,VARIANT_OF,Is variant or subtype of,,forward,,1,GN,Culture,885059,active,Subtype relationship for objects/materials,discovery_schema,1.0,candidate,,,,,false,
