qid,label,fast_id,gnd_id,lcsh_id,ddc,aat_id,lcc
Q85627703,Abogacía,,,,,,
Q65007471,Academic English Studies and Linguistics,,,,,,
Q48785257,Actualistic Taphonomy,,,,,,
Q304157,Administration,,,,,,
Q1085159,Advanced Materials,,,,,,
Q112898786,"Aesthetics, philosophy and history of art",,,,,,
Q383968,African American studies,,,sh85001992,,,
Q60282974,African Linguistics,,,,,,
Q386302,African art,,,sh85007528,709.6,,
Q114473057,African diaspora studies,,,,,,
Q386319,African literature,,,sh85001733,896,,
Q38157,African studies,,4122766-9,,,300389815,
Q96698365,Agrarian Economy,,,,,,
Q89810840,Agricultural Mechanization,,,,,,
Q106595016,American Indian law,969825,,sh85065315,,,
Q25340364,American literature,,,sh85004336,,,
Q470125,American studies,,4142196-6,,427.973|810,,
Q35497,Ancient Greek,,4113791-7,,480,300387828|300387827,
Q538734,Angewandte Literaturwissenschaft,,,,,,
Q55586011,Applied Inter-American Studies,,,,,,
Q30082957,Arabian philology,,,,,,
Q13955,Arabic,812287,4241223-7,sh85006306,492.7,300387843,AI19.A6
Q1866303,Arabic grammar,,,sh86000279,,,
Q109607817,Arabic literature,,,,,,
Q194380,Arabic literature,,7507689-5,sh85006314,892.7,,
Q1292502,Arabic poetry,812533,,sh85006333,892.71,,PJ7541-PJ7561|PJ7631-PJ7661
Q3621186,Arabic studies,,4142845-6,,892.7|492.7,,
Q513850,Armenian studies,,,,,,
Q401095,Art,,,,,,
Q12778063,Art studies,,,,,,
Q21002563,Arte de la lectura,,,,,,
Q111771237,Artes de la representación,,,,,,
Q50806949,Arts,,,,,,
Q4801532,Arts in education,,,,,,
Q4806809,Asian studies,,,,,,
Q29401,Assamese,,4253033-7,sh85008742,491.451,300387879|300387878,
Q156859,Assyriology,,4143231-9,sh85008834,892.1|492.1,,
Q24174906,Bachelor in Business Administration (Sweden),,,,,,
Q4838773,Bachelor of Accountancy,,,,,,
Q1765120,Bachelor of Arts,,,sh85010772,,,
Q66363784,Bachelor of Banking,,,,,,
Q13422969,Bachelor of Business Science,,,,,,
Q4838786,Bachelor of Commerce,,,,,,
Q10752757,Bachelor of Economics,,,,,,
Q798132,Bachelor of Engineering,,,,,,
Q798137,Bachelor of Laws,,,,,,
Q24901047,Bachelor of Letters,,,,,,
Q13948235,"Bachelor of Medicine, Bachelor of Surgery",,,,,,
Q65095384,Bachelor of Radiology,,,,,,
Q4838833,Bachelor of Science in Public Health,,,,,,
Q2878189,Bachelor of Social Science,,,,,,
Q913603,Bachelor of Social Work,,,,,,
Q97114258,Bachelor's degree in marketing,,,,,,
Q50497445,"Bahasa dan Seni: Jurnal Bahasa, Sastra, Seni, dan Pengajarannya",,,,,,
Q1144248,Bangla literature,,,,,,
Q20758376,Banking,,,,,,
Q137806577,Banking and Finance,,,,,,
Q15761740,Banking and Finance Law Review,,,,,,
Q47489173,Bible as literature,,,,,,
Q11327486,Bilingual,,,,,,
Q46202,Bose–Einstein condensate,,4402897-0,sh92005509,530.474,,
Q849186,Brazilian literature,,,,,,
Q764912,British literature,,7503210-7,,,,
Q4971458,British studies,,,,,,
Q748,Buddhism,840028,4008690-2,sh85017454,294.3,300073738,BQ1-BQ9800
Q550068,Buddhist ethics,,,,,,
Q1000976,Buddhist studies,,4755247-5,,,,
Q4986526,Building and Construction Improvement Program,,,,,,
Q4090659,Bulgarian studies,,4146908-2,,,,
Q9228,Burmese,,4120159-0,sh85018133,,300388042,
Q5919595,Business and management research,,,,,,
Q648154,Byzantine studies,,4147095-3,sh85018523,,,
Q4676302,Canadian studies,,7686561-7,,427.971|810,,
Q1772367,Candidate of Medicine,,,,,,
Q30921225,Cao cấp lí luận chính trị,,,,,,
Q2690276,Cartographic Semiology,,,,,,
Q124623978,Cartography & GIS,,,,,,
Q1735560,Catalan philology,,4249908-2,,,,
Q1367940,Catholic theology,,4030005-5,,,,
Q1051896,Cavity ring-down spectroscopy,,,,,,
Q27997,Celtic studies,,4163569-3,,,,
Q5060376,Central Asian studies,,,,,,
Q1397589,Central China Normal University,,5011993-X,n86096372,,,
Q160,Cetacea,,4064432-7,sh85022218,599.5,300310322,
Q833961,China University of Political Science and Law,,,n88133915,,,
Q7850,Chinese,,4113214-2,sh85024301,495.1,300388113,PL1001-PL1960
Q109673446,Chinese literature,,,,,,
Q1760972,Christian archaeology,,,sh85025009,930.1,,
Q216545,Christian theology,1149559,,sh85134665,230,,BR118-BR119.2
Q108302489,Ciencias del Desarrollo,,,,,,
Q127506551,Ciències de l'Activitat Física i l'Esport,,,,,,
Q235955,Clarice Lispector,17375,118780158,n50051357,,,PQ9697.L585
Q63985124,Clinical Microbiology and Infectious Diseases,,,,,,
Q25368051,Composition,,,,,,
Q131289096,Computer technology,,,,,,
Q96702592,Comunicación Revista Internacional de Comunicación Audiovisual Publicidad y Literatura,,,,,,
Q5159047,Concrete Industry Management,,,,,,
Q55338315,Contemporary Mediterranean Studies,,,,,,
Q9035,Danish,,4113262-2,sh85035731,439.81,300388204,
Q110038592,Dante studies,,,,,,
Q3025404,Development,,,,,,
Q136674500,Digital Enterprise Management,,,,,,
Q4618975,Doctor,,4201591-1,,,,
Q913404,Doctor of Medicine,,,,,,
Q111360322,Doctorado en Literatura con mención en Literatura Chilena e Hispana,,,,,,
Q3039605,Droit de l'Internet,,,,,,
Q3039756,Droit des télécommunications,,,,,,
Q7411,Dutch,899732,4122614-8,sh85040106,439.31,300388256,
Q1987969,Dutch studies,,4283850-2,,,,
Q12580940,EMBA,,,,,,
Q8008,Earth science,900729,4020288-4|4131991-6,sh85040468,550,300054542,
Q11054563,East Asian calligraphy,,,,,,
Q162817,East Asian studies,,4312428-8,,,,
Q245177,Eastern Christianity,,,sh85040605,281,,BX100-BX183.2
Q1413113,Eastern European studies,,,,,,
Q113052975,Economic Development,,,,,,
Q3132462,Economics,,4345428-8,n79099715,,,
Q15716712,Economics & Sociology,,,,,,
Q60110670,Economics and Finance,,,,,,
Q106040694,Economics and Foreign Economic Activity Management,,,,,,
Q60086343,Educational Administration,,,,,,
Q145903,Egyptology,,4141476-7,sh85041367,893.1|932|493.1,300264391,
Q26220880,Electronic and Electrical Engineering building,,,,,,
Q70915048,Engineering design and appropriate technology,,,,,,
Q1860,English,910920,4014777-0,sh85043413,420,300388277,PE
Q119441207,English Language Curriculum for Basic 8,,,,,,
Q133546019,English and Comparative Literature,,,,,,
Q108349950,English and literacy studies,,,,,,
Q109587623,English literature,,,,,,
Q107550344,English pedagogy,,,,,,
Q27968,English studies,912245,4002046-0,sh85043929,420|820,,PE
Q186579,English-language literature,,,sh85043777,820,,PE
Q5380492,Entertainment technology,,,,,,
Q134507581,Ethical Human-AI Interaction,,,,,,
Q208202,European Union law,,4153206-5,sh2009129017,341.2422,,
Q15075764,European ethnology (Volkskunde),,4078937-8,,,,
Q1377029,European studies,,,,,,
Q12257590,Euskal Filologia,,,,,,
Q3826673,Euskararen Gaitasun Agiria,,,,,,
Q124169221,"Evaluation, Measurement and Research",,,,,,
Q11639751,Faculty of Art and Design,,,,,,
Q106359085,Faculty of Civil and Environmental Engineering,,,,,,
Q106359154,Faculty of Earth Science and Technology,,,,,,
Q106359183,Faculty of Industrial Technology,,,,,,
Q106359190,Faculty of Mathematics and Natural Science,,,,,,
Q106359254,Faculty of Mechanical and Aerospace Engineering,,,,,,
Q106359261,Faculty of Mining and Petroleum Engineering,,,,,,
Q92197816,Finances and Credit,,,,,,
Q150,French,934333,4113615-9,sh85051829,440|6--41,300388306,
Q105233699,French horn performance,,,,,,
Q11333703,French language studies,,7503327-6,,,,
Q6689,French literature,934688,7507697-4,sh85051865,840,,
Q61436224,French literature,,,,,,
Q1450761,French studies,,,,,,
Q125464837,Galician studies,,,,,,
Q31837702,Geodesy and Geoinformatics,,,,,,
Q124623971,Geodesy and Geoinformation,,,,,,
Q15760524,Geography,,,,,,
Q107560101,Georgian studies,,,,,,
Q188,German,,4113292-0,sh85054365,430|6--31,300388344,
Q76996465,German philology,,,sh85054411,,,
Q1203683,German philosophy,,,,193,,
Q166153,German studies,,4020383-9,,830|430,,
Q181287,German-language literature,,7503128-0,sh85054380,830|831,,PT1-4897
Q15805624,German-language poetry,941930,,sh85054413,831,,
Q109647876,German-language studies,,,,,,
Q2620112,Germanic philology,,,sh85054442,,,
Q272021,Gestalt psychology,,4020725-0,sh85054723,150.1982,,
Q5570816,Global communication,,,,,,
Q734575,Gloria,,,,,,
Q9129,Greek,,,sh85057151,,300389734,
Q64968842,Greek philology,,,,,,
Q16267481,Greek studies,,4315324-0,sh85057184,880|480,,
Q12310624,Greenlandic and Arctic Studies,,,,,,
Q26473,Gregorian chant,1726631,4021952-5,sh85022551,782.3222,300265207,
Q9288,Hebrew,954191,4023922-6,sh85059867,492.4,300388401,
Q29980364,Hebrew Bible studies,,,,,,
Q65048723,Hellenic Culture,,,,,,
Q489119,Hellenic studies,,7620854-0,,,,
Q1622065,Higher Education Teaching,,4025226-7,,,,
Q5766501,Hindu studies,,,,,,
Q100353774,History and International Relations: From the Ancient World to the 21st Century,,,,,,
Q1622256,Hochschulforschung,,,,,,
Q65007547,Huarahi Māori,,,,,,
Q15765494,Human Development,,,,,,
Q113884146,Hungarian-language studies,,,,,,
Q35832005,Iberian studies,,,,,,
Q12823214,Ilohiyot,,,,,,
Q1413128,Indo-European studies,,4161557-8,sh85065705,,,
Q625510,Indology,,4161576-1,,491.1|891.1,,
Q58933675,Industrial Relations and Human Relations,,,,,,
Q106545901,Infoeducação,,,,,,
Q55586010,Inter-American Studies,,,,,,
Q106371417,Interior Design,,,,,,
Q64943345,International Business Administration,,,,,,
Q126481638,International Media Computing,,,,,,
Q55659899,International Trade,,,,,,
Q96758157,International and European Studies,,,,,,
Q1367176,Iranian studies,,4162398-8,sh85067916,891.5|491.5,,
Q113644071,Islamic development management,,,,,,
Q55610541,Islamic education,979927,4317554-5,sh85068397,297.77,,LC901-LC915
Q193104,Islamic philosophy,,,sh85100934,181.07,,
Q107313311,Islamic sciences,,,,,,
Q843909,Islamic studies,979852,4162468-3,sh85068408,297|297.071,,
Q12230963,Islamic thought,,,,,,
Q3155376,Islamology,,,sh85068408,,,
Q3745495,Italian philology,,,sh85068840,,,
Q515601,Italian studies,,4162604-7,,850|450,,
Q875592,Japanese studies,,4162713-1,,306.0952|495.6|895.6|952,,
Q11723387,Javanology,,,,,,
Q42002,Jewish studies,,4162796-9,sh85070866,,,
Q1540185,Juris Doctor,,,,,,
Q4210217,Kalmykology,,,,,,
Q2976200,Khâgne,,,,,,
Q109607471,Korean literature,,,,,,
Q7007095,Land of Israel Studies and Archaeology,,,,,,
Q397,Latin,,4114364-4,sh85074944,470,300388693,
Q28617,Latin American studies,,,,,,
Q1806979,Latin studies,,4166851-0,,,,
Q9259810,Latvian studies,,,,,,
Q16871926,Law,,,,,,
Q6508648,Leadership,,,,,,
Q1491611,Lehramtsstudium,,4131946-1,,,,
Q1115369,Librettology,,,,,,
Q43236300,Licenciatura en Periodismo,,,,,,
Q10978135,Lithuanian studies,,4656569-3,,,,
Q4497731,MSU Faculty of Chemistry,,,,,,
Q36109,Maithili,,4104524-5,,,300388776,
Q55585049,Maltese studies,,,,,,
Q60088863,Management Studies,,,,,,
Q127598368,Management of Agro-Industrial Complex Enterprises,,,,,,
Q96727508,Mass Communicator International Journal of Communication Studies,,,,,,
Q2091008,Master of Arts,,,sh85081990,,,
Q191701,Master of Business Administration,,,sh85081991,,,
Q6785161,Master of Business Systems,,,,,,
Q6785172,Master of Commerce,,,,,,
Q6785179,Master of Economics,,,,,,
Q113363555,Master of International Relations,,,,,,
Q754848,Master of Laws,,,,,,
Q12326374,Master of Public Health,,,,,,
Q12497525,Matematika dan Ilmu Pengetahuan Alam,,,,,,
Q6805456,Media Arts and Practice,,,,,,
Q55586008,Medieval Icelandic Studies,,,,,,
Q1924928,Metallplastik,,4191461-2,,,,
Q64302951,Micro-Biology as Applied to Hygiene,,,,,,
Q12211529,Middle Eastern studies,,,sh85090514,,,
Q36510,Modern Greek,,,sh85057166,489.3,300388361,
Q66490562,Modern Greek Studies,,,,,,
Q1944500,Mongolian studies,,4170448-4,,,,
Q137776711,Museum in Health,,,,,,
Q1956258,Mvet,,,,,300042085,
Q3332142,Mécanique navale,,,,,,
Q258212,Near Eastern archaeology,,,,,,
Q5185,Nematoda,,4128872-5,sh85090702,592.57,300310241,
Q1980282,Neuere Deutsche Literaturwissenschaft,,,,,,
Q54862900,Neuere und Neueste Geschichte,,,,,,
Q21083421,New Hermeneutic,,,,,,
Q18813,New Testament,,4041771-2,n79023150,225,,
Q1981839,New Testament studies,,,,,,
Q7878687,Nutritional Psychology,,,,,,
Q7081376,Oil and gas,,,,,,
Q55584434,Old Nordic Religion,,,,,,
Q623313,Ottoman studies,,4745131-2,,494.35|894.35,,
Q6147859,PLA National Defence University,,,n87928460,,,
Q64800625,Pacific Policing,,,,,,
Q12408688,Palestinian studies,,,,,,
Q36727,Pali,1051644,4044406-5,sh85097195,491.37,300404714,
Q1383285,Pedagogy of Religious Education in Schools,,4049412-3,,,,
Q101110908,Pedagogía de la Madre Tierra,,,,,,
Q127656899,Pekingology,,,,,,
Q7168250,Performance psychology,,,,,,
Q9168,Persian,,4065403-5,sh85100070,491.55,300389088|300266822|300389087,
Q117321595,Persian literature,,,,,,
Q7170261,Persian studies,,,,,,
Q77477825,Personnel management,,,,,,
Q97592191,PhD in computer science,,,,,,
Q9306342,Philosophy and Humanities,,,,,,
Q7186221,Philosophy and Literature,,,,,,
Q2777850,"Philosophy, Politics and Economics",,,,,,
Q1219728,Physics,,,,,,
Q125367668,Political Economy of Natural Resources,,,,,,
Q1517478,Pontifical Xavierian University,,,n81037147,,,
Q138332594,Portuguese philology,,,,,,
Q1381199,Protestant theology,,4015875-5,sh85107714,230.044,,
Q7257499,Public Policy and Administration,,,,,,
Q58635,Punjabi,1052139,4211719-7,sh85097451,491.42,300389057,
Q188602,Purana,,,n79139448,,,
Q26185,Quaternary,,4048009-4,sh85097144|sh85054111,551.79,300391278,
Q2370897,Quranic studies,,,,,,
Q15841966,Regensic science,,,,,,
Q25111456,Renaissance studies,,,,,,
Q7335662,Ripon College,641378,,n88668016,,,
Q19814,Romance languages,,4115788-6,sh85114953,440,300389149,
Q1277348,Romance studies,1099881,4050484-0,sh85114963,840|440,,
Q2077256,Romanian literature,,,sh85115040,850,,
Q220,Rome,1204500,4050471-2,n79018704,2--45632,,
Q20640426,Romeins en hedendaags recht,,,,,,
Q7737,Russian,,4051038-4,sh85115971,491.7|6--9171,300389168,
Q55693890,Russian philology,,,sh85116004,,,
Q11059,Sanskrit,,4051642-8,sh85117331,491.2,300389206|300389205,
Q112107934,Sanskrit literature,,,,,,
Q29573983,Saqafi,,,,,,
Q922219,Scandinavian studies,,4077478-8,,,,
Q106359297,"School of Architecture, Planning, and Policy Development",,,,,,
Q106359304,School of Business and Management,,,,,,
Q106359315,School of Electrical Engineering and Informatics,,,,,,
Q11574463,School of Life Science and Technology,,,,,,
Q106359331,School of Pharmacy,,,,,,
Q2251373,Schulmusik (Studienfach),,4124150-2,,,,
Q2375917,Scripture,,,,,,
Q3952331,Security Science,,,,,,
Q34049,Semitic,,4116476-3,sh85119961,492,300389236,
Q26331146,Serbo-Croatian studies,,,sh85120203,,,
Q6817915,Sharia Sciences,,,,,,
Q136148690,Sharia judiciary,,,,,,
Q457753,Sharia-compliant banking,,4272560-4,sh88004780,,,
Q33997,Sindhi,,,sh85122803,491.41,300389278,
Q23526,Slavic,,4120036-6,sh85123361,491.8,,
Q156864,Slavic studies,,4055287-1,,491.8,,
Q112970946,Small Business Management,,,,,,
Q124629477,Soil science and biogeography,,,,,,
Q7559155,Somali studies,,,,,,
Q105397778,South Asia studies,,,,,,
Q15609389,South Asian languages,,,sh89003685,,,
Q149267,South Asian literature,,,,,,
Q118987766,South and Southeast Asian languages,,,,,,
Q7571745,Soviet and Communist studies,,,,,,
Q1321,Spanish,,4077640-2,sh85126261,460,300389311,
Q238499,Spanish literature,,7507710-3,sh85126268,860,,
Q3381164,Spanish philology,,,,,,
Q2651813,Speech Communication,,,,,,
Q66816518,State Management of the National Economy,,,,,,
Q89811128,State and Local Government,,,,,,
Q11626477,Studies of Culture and Representation,,,,,,
Q7634642,Sufi psychology,1137266,,,,,
Q2208075,Suriname studies,,,,,,
Q129978142,Sylheti studies,,,,,,
Q123169615,Syracuse University Citizenship and Civic Engagement Undergraduate Program,,,,,,
Q19309749,Szenisches Spiel,,,,,,
Q12518544,Tafsir Al-Qur'an,,,,,,
Q17149027,Taiwan studies,,,,,,
Q26830783,Talmudic studies,,,,,,
Q7683174,Tangutology,,,,,,
Q106037198,Teknik Mesin Kapal,,,,,,
Q1864603,Tibetologist,,7635239-0|7635240-7,,,,
Q1143760,Tibetology,,4278702-6,,,,
Q94092118,Tropical Medicine and Hygiene,,,,,,
Q25472341,Turkic Kulturraum,,,,,,
Q6098912,Turkish Language and Literature,,,,,,
Q113884168,Turkish philology,,,,,,
Q8427,Turkology,,4186473-6,sh85138870,494.3|894.3,,
Q108398262,Técnicas y Lenguajes de Medias,,,,,,
Q491679,Ukrainian studies,,,,,,
Q7161124,Universidade de Passo Fundo,,,n83007526,,,
Q1468481,University of Deusto,,1010559-1,n79084198,,,
Q2303432,University of Oviedo,533242,38079-9,n79059486,,,
Q339482,University of Oñati,,,no93033904,,,
Q6113985,Upanishads,,4062067-0,n80020526,,,
Q2321196,Usul al-fiqh,,,,,,
Q3552726,Usūl al-Dīn in Twelver Shiism,,,,,,
Q1120985,Vastu shastra,,,,,,
Q39950,Vedas,,,sh85142464|n80009843,,300386788,
Q55586006,Viking and Medieval Norse Studies,,,,,,
Q106371391,Visual Communication Design,,,,,,
Q96334885,Water Engineering and Management,,,,,,
Q99600947,Wellness Coach-Health,,,,,,
Q55586091,West Nordic Studies: Governance and Sustainable Management,,,,,,
Q21112423,Westerse literatuur,,,,,,
Q8036315,World Trade,,,,,,
Q9378283,Wschodoznawstwo,,,,,,
Q1688921,Yiddish studies,,4162748-9,,,,
Q34311,Yoruba,,4120403-7,sh85149236,,300389608,
Q66027248,"Zootechnics, biotechnology and selective breeding",,,,,,
Q189533,academic degree,,4141686-7,sh85036481,378.2,300312080,
Q107514431,accordion performance,,,,,,
Q326653,accountant,,4122969-1|7586536-1,sh85000405,,300024982|300024985,
Q4116214,accounting,795379,4048732-5,sh85000411,657,300054345,HF5601-HF5688
Q55713996,accounting and auditing,,,,,,
Q64687797,accounting and finance,,,,,,
Q860374,accounting studies,,4069455-0,,,,
Q92177358,"accounting, control and analysis of economic activity",,,,,,
Q222749,acting,,4012899-4,sh85039329,792.028,300264355,
Q33999,actor,,4052154-0|4153179-6,sh85000744,792.028092,300025658,
Q180507,adaptive radiation therapy,,4057833-1,sh00005896,615.842,,
Q5283295,administration,1351613,4063317-2,sh85000898|sh2002007910,351,300133011,
Q134561626,administration and planning,,,,,,
Q97112388,administration of marines and shipbuilding units,,,,,,
Q171251,administrative law,,,sh85000913,342,,K3400-K3431
Q115982628,administrative management,,,,,,
Q11943008,adolescent psychology,797018,,sh85000969,,,BF724
Q1319035,adult education,,4015428-2,sh85001028,374,300254108,
Q4464,advanced mathematics,,,,,,
Q37038,advertising,797511,4065541-6,sh85001086,659.1|658.8,300054347,
Q8424,aerodynamics,,4000589-6,sh85001295,533.62|620.1074|629.1323,300056101,
Q4828699,aeronautical engineering,,4168244-0,,629.13,300162449,
Q8421,aeronautics,,,sh85001319,629.13,300138817,
Q3798668,aerospace engineering,798623,,sh95007821,629.1,300054478,
Q35986,aesthetics,798702,4000626-8,sh85001441,701.17|801.93|701,300054280|300312347,BH1-BH301
Q1955326,aesthetics of music,,4040808-5,,,,
Q4693953,agricultural communication,,,sh85029049,,,
Q65554733,agricultural development,,,,,,
Q396340,agricultural economics,,4704302-7,sh85002427,338.1,,
Q3345348,agricultural education,800702,,sh85002310,,,S530-S539
Q10272925,agricultural engineer,,7546982-0|4141636-3,,,,
Q12159342,agricultural engineering,800726,,sh85002313,630,,
Q12779382,agricultural entomology,,,,,,
Q4693964,agricultural extension,,4034407-1,sh85002298,,,
Q3606845,agricultural science,801593,4068473-8,sh86001792|sh85002415,630,300025604,
Q4693974,agricultural soil science,,,,,,
Q194118,agricultural technology,,,,,,
Q11451,agriculture,801355,4034402-2,sh85002415,630,300054463,S1-S790.3
Q66027417,agro-industrial complex management,,,,,,
Q396338,agroecology,800685,4000769-8,sh85002307,,,S589.7
Q2059515,agrogeology,,,,,,
Q173113,agronomy,801886,4421347-5,sh91006254,,300254393,
Q906438,aircraft maintenance,,,,,,
Q3968,algebra,804885,4001156-2,sh85003425,512,300054523,Z6654.A5
Q180969,algebraic geometry,,4001161-6,sh85054140,516.35,,
Q623221,algorithmic game theory,,1133091814,,,,
Q14565201,altmetrics,,,,,,
Q69570620,americanistics,,4142196-6,,427.973|810,,
Q474471,ampelography,,4419761-5,,634.8,,
Q615057,anaesthesiology,,4142321-5,sh85004972,,,
Q2346,analytical chemistry,,4129906-1,sh85023011,543,,
Q138455499,analytical journalism,,,,,,
Q485396,analytics,,,,,,
Q514,anatomy,,4001895-7,sh85004835,611,300054465,
Q4752891,ancient Near Eastern studies,,4142081-0,,,,
Q435608,ancient history,,4131285-5,,,,
Q2990593,animal behavior,,4062860-7,,,,QL750-QL795
Q110310405,animal genetics,809196,,sh85005190,,,
Q80962,animal husbandry,,4117220-6,sh85005169,636,300254388,
Q11425,animation,809628,7703314-0,sh85005291,778.5347,300053160,
Q4773904,anthropologist,810184,4142642-3|4254397-6,sh85005579,301.092,300025583,
Q23404,anthropology,810196,4002230-4,sh85005581,301|599.9,300054315,
Q368325,anthropology of media,,,sh2003004295,,,
Q10309676,anthropology of tourism,,,,,,
Q538722,applied computer science,,4112526-5,,,,
Q100326522,applied computing,,,,,,
Q3737629,applied ecology,,,sh96009482,,,QH541.29
Q3296256,applied economics,,,,,,
Q4781596,applied engineering,,,,,,
Q321249,applied linguistics,,4127822-7,sh85006168,418,300054247,
Q33521,applied mathematics,,4142443-8,sh93002523,519,300054524,
Q55033061,applied metrology,,,,,,
Q373065,applied physics,,4193885-9,,621,300054560,
Q235258,aqidah,,4900632-0,,,,
Q4782633,aquacultural engineering,,,,,,
Q115864634,aquaphotomics,,,,,,
Q9295368,aquatic botany,,,,,,
Q20431068,archaeological anthropology,,,,,,
Q23498,archaeology,812938,4002827-6,sh85006507,930.1,300054328,
Q1254302,archaeology of the Roman provinces,,,,,,
Q618692,archaeoparasitology,,,,,,
Q14623005,architectural draftsperson,,4125167-2|1139912127,,,300438663,
Q150737,architectural engineering,,4144204-0,,,,
Q4787070,architectural technology,,,,,,
Q12271,architecture,813346,4002851-3,sh85006611,720,300054156|300263552,NA1-NA9428
Q23010558,"area, ethnic, cultural, gender, and group studies",,,,,,
Q5705290,arquitectura técnica,,,,,,
Q55336315,art,,,,,,
Q735,art,815177,,,700,300054138,N
Q45741429,art geography,,,,,,
Q50637,art history,,4138803-3,sh85007488,709,300054233,
Q2921001,art of drawing,,,,,300054196,
Q11629,art of painting,,4037213-3,,750,300054216,
Q11634,art of sculpture,,4046277-8,sh85119004,730,300264383,NB1-NB1952
Q119003028,art studies,,,,,,
Q1414089,art theory,,,,,,
Q928865,art therapy,,4125709-1,sh85008334,,300054236,
Q11660,artificial intelligence,,4033447-8,sh85008180,006.3,300251574,Q334-Q342
Q4801095,artificial psychology,,,,,,
Q2018526,arts,,4033422-3,sh85008324,700,300175240,
Q4801516,arts criticism,,,,,,
Q131006663,arts du spectacle,,,,,,
Q1791760,arts journalism,,,,,,
Q411,astrobiology,,4112608-7,sh90004216,576.839,,
Q17386174,astronautical engineering,,4177061-4,,620.419|629.47,,
Q333,astronomy,,4003311-9,sh85009003,520,300054534,QB
Q37547,astrophysics,,4003326-0,sh85009032,523.01,300054535,
Q4813769,athletic training,,,,,,
Q542,athletics,820127,4035163-4,sh85009153,796.4|796.42,300189623,
Q757520,atmospheric sciences,2003481,,sh2018002590,,,
Q4817130,atmospherics,,,,,,
Q4819927,audiovisual art,,,,,,
Q3755147,audiovisual communication,,,,,,
Q706835,auto mechanic,,4698904-3|4288271-0|4288272-2,sh85010164,629.222092|629.2092|629.2023,,
Q190117,automotive industry,,4032690-1,sh90002778,338.47629222,,
Q770723,auxiliary science of history,,4128874-9,sh85010480,907.2,,
Q186531,axiology,,4079189-0,,,300054283,
Q59362650,bachelor's degree in economics,,,,,,
Q243748,bacteriology,,4004304-6,sh85010864,579.3,,
Q4076591,ballet studies,,,,,,
Q184631,ballistics,,4004356-3,sh85011312,531.55,300232690,
Q463604,baltistics,,4576777-4,,,,
Q136799183,bandura performance,,,,,,
Q106148843,baroque flute performance,,,,,,
Q3309206,basic education,,,,,,
Q106421780,bassoon performance,,,,,,
Q647525,behavioral economics,,7751254-6,sh85040859,,,HB74.P8
Q1975133,bewegingswetenschappen,,,,,,
Q794605,biblical studies,,4135590-8,,,300054307,
Q134995,bibliography,831351,4006432-3,sh85013838,010,300026497,
Q4086340,bibliography,,,,,,
Q2901245,bibliology,,4146819-3,,002,,
Q603441,bibliometrics,,4145244-6,sh85013873,020.727,,
Q110715633,bicultural studies,,,,,,
Q1920418,big history,,,,,,
Q7094,biochemistry,831961,4006777-4,sh85014171,572,300054538,QD415-QD436
Q864269,biodiversity informatics,,,,,,
Q12535586,bioecology,,,,,,
Q580689,bioengineering,,,sh85014134,,300250623,
Q194294,bioethics,,4006791-9,sh85014136,174.957|205.64957|241.64957,,QH332
Q52106,biogeography,,4006801-8,sh85014147,578.09|581.9|591.9,,
Q128570,bioinformatics,,4611085-9,sh00003585,570.285|004.015,,
Q27172,biological anthropology,1062357,,sh85101512,599.9,300054322,
Q420,biology,832383,4006851-1,sh85014203,570,300054466,
Q193378,biomechanics,832558,4006880-8,sh85014236,571.43,,QH513
Q327092,biomedical engineering,,4074676-8,sh85014237,681.761|610.28,300250642,
Q1048526,biomedical informatics,,,,,,
Q13439429,biomedical sciences,,,,,,
Q18657438,biomedical signal processing,,,,,,
Q864601,biomedicine,,4647152-2,,610.724,,
Q67364833,biometry,,,,,,
Q4915151,biomolecular engineering,,,,,,
Q7100,biophysics,,4006891-2,sh85014253,571.4|612.014,,
Q7108,biotechnology,832729,4069491-4,sh85014263,660.6,,
Q3381576,black-and-white photography,,4121634-9,sh99002613,778.62|771,300162056,
Q29585658,book publishing,,,,,,
Q441,botany,836869,4007842-5,sh85015976,580,300054467,
Q814385,bounded rationality,,,,,,
Q12015335,branch of engineering,,,,,,
Q15078788,broadcasting,839187,4050963-1,sh85017004,,300054351,
Q3741966,building science,,,,,,
Q4986607,building services engineering,,4188027-4,,,,
Q811338,buildings archaeology,,4144149-7,sh85017757,,300266711,
Q4830453,business,842519,4061963-1,sh85018260,338.7,300025971|300160084,
Q2043282,business administration,,4069402-1,,,,
Q8188423,business administration and management,,,,,,
Q5001829,business analytics,,,,,,
Q1017569,business development,,,,,,
Q24208053,business economics,,4507951-1,,330,,
Q623100,business engineering,,,,,,
Q126552,business informatics,,4112736-5,,,,
Q18564125,business management,,,,,,
Q55659958,business management for business manager,,,,,,
Q350884,business marketing,,,,,,
Q8346141,business science,,,,,,
Q5001951,business studies,,,,,,
Q107429599,business studies for engineers,,,,,,
Q113146197,business systems research,,,,,,
Q12874773,byzantine archaeology,,,,,,
Q62689,cameralism,,4163148-1,,,,
Q2012719,cancer immunotherapy,,,sh87002642,,,
Q188462,canon law,,4073199-6,sh85019646,262.9,300235953,
Q235007,cardiac surgery,,4024641-3,sh85059711,617.412,,
Q3264451,cardiologist,,7627836-0|4202582-5,sh85020211,616.120092,,
Q203605,carpentry,,,sh85020435,694,300054085,
Q112269680,cartooning,,,,,,
Q5051759,catchment hydrology,,,,,,
Q1735729,catechesis,,4073302-6,,268,,
Q25413142,catedrático,,,,,,
Q105279359,cello music performance,,,,,,
Q13464614,ceramic art,,,,738,300151343|300386879,
Q1062896,character animation,,,,,,
Q138297634,chemical and biological engineering,,,,,,
Q83588,chemical engineering,852893,4349723-8,sh85022900,660,300054480,
Q911772,chemical technology,,4078178-1,sh85023029,,,
Q2329,chemistry,,4009816-3,sh85022986,540,300054537,
Q910067,chemometrics,,4299578-4,sh2005000482,543.015195,300379926,
Q1455871,child care,,4278357-4,,,,
Q1029430,child protection,,4028935-7,sh85023396,,,
Q3411686,child psychology,854540,4073410-9,sh85023380,,,
Q108352501,childhood and youth studies,,,,,,
Q6067965,childhood pedagogy,,,,,,
Q1741945,childhood studies,,,,,,
Q1800439,church history,860740,,sh85025619,,300054308,
Q8812109,church music,,4030736-0,sh85025650,,,
Q16144339,cinema,,,,,300054141,
Q590870,cinematography,861484,,sh85026014,777,300054227,
Q2089905,circuit theory,,4171531-7,,,,
Q206276,citation analysis,,,,,,
Q136580777,civil and environmental engineering,,,,,,
Q191600,civil and political rights,,,sh85026371,323,300068783,JC571
Q13582652,civil engineer,,4004812-3|1024171515,sh85026338,,300025070,
Q77590,civil engineering,,4004955-3,sh85026331,624,300054481,
Q106372013,civil engineering studies,,,,,,
Q222249,civil law,,,sh85026344,,300054414,K623
Q106991653,clarinet performance,,,,,,
Q15983985,classical archaeologist,,,,,,
Q1669589,classical archaeology,,4164039-1,,,300054331,
Q9730,classical music,,4164043-3,,781.68,,
Q16267607,classical philologist,,4199241-6|7626721-0,,,,
Q495527,classical philology,,4164044-5,sh85026710,480,,
Q439072,classical studies,,4134281-1,,,,
Q65007494,classical studies and ancient history,,,,,,
Q841090,classics,,4134281-1,,,300054242,
Q52139,climatology,,4031178-8,sh85027044,551.6,300379447,
Q113097664,clinical child psychology,864344,,sh85027063,,,RJ503.3
Q65096488,clinical education,,,,,,
Q499500,clinical pathology,,4073931-4,sh85037496,,,
Q155491,clinical pharmacy,,4164215-6,,,,
Q199906,clinical psychology,,4031193-4,sh85027067,616.89,,
Q63346654,clockmaking,,,,,300053600,
Q11626612,clothing studies,,,,,,
Q483639,cloud computing,1745899,7623494-0,sh2008004883,004.672,,
Q5141229,cognitive phonology,,,,,,
Q1333872,combinatorial optimization,,,,,,
Q1114490,comics studies,,,,,,
Q26643,commerce,,,,380,,
Q219186,commercial law,,4023249-9,sh85028940,343,,
Q3039727,commercial law in Morocco,,,,,,
Q2327751,commercial sciences,,,,,,
Q65007508,communication,,,,,,
Q16769609,communication arts,,,,,,
Q132816556,communication chimique,,,,,,
Q333657,communication design,,,,,,
Q1078351,communication science,,4120588-1,,302.2,,
Q11680831,communication studies,,,,,300054349,
Q4120586,communications management,,,,,,
Q3473024,community health,,,,,,
Q878226,comparative linguistics,,4187739-1,sh85029301,410,,P143-P143.3
Q834903,comparative literature,,4062843-7,sh85077534,809,300054274,
Q1075827,comparative religion,1093898,,sh85112599,,,
Q207628,composed musical work,,4133320-2,,781.3,300417577,
Q5157307,computational criminology,,,,,,
Q362601,computational engineering,,,,,,
Q5157316,computational geophysics,,,,,,
Q5157299,computational sustainability,,,,,,
Q5157344,computational transportation science,,,,,,
Q1122625,computational visualistics,,7535806-2,,,,
Q68,computer,872776,4070083-5,sh85029552,004|621.39|004.1,300024521,
Q2670846,computer algebra,,4010449-7,,,,
Q111681249,computer applications,,,,,,
Q428691,computer engineering,,4196734-3,sh85029495,004|621.39,,
Q15841889,computer engineering,,,,,,
Q1122550,computer music,,4113239-7,sh85029511,,300393171,
Q80006,computer programming,872390,4076370-5,sh85107310,005,300054641,
Q21198,computer science,872451,4026894-9,sh89003285,004,300054575,
Q11492827,computer science and engineering,,,,,,
Q82594,computer scientist,,4139395-8|4219059-9,sh85029497,004.092,300236481,
Q1461602,computer-supported cooperative work,,4288972-8,sh92006326,,,
Q5158531,concert production,,,,,,
Q55659895,conflict analysis & resolution,,,,,,
Q1194317,conflict resolution,,,,,,
Q2515460,constitutional history,,7504377-4,sh85031326,,,
Q11206,constitutional law,,4062801-2,sh85031329,342,,
Q385378,construction,840551,,,624|690,300054608,TH
Q2674423,construction engineering,,,,,,
Q811501,construction management,,,,,,
Q833495,consumer choice,876441,4132976-4,sh85031496,,,
Q186035,contemporary dance,,,,,,
Q3137989,contemporary history,,,,,,
Q186075,contemporary history,,,,,,
Q193463,continuum mechanics,,4032296-8,sh85031576,531,,
Q4917288,control engineering,,4076594-5,,,,
Q12778074,control systems,,,,,,
Q3674740,coordination chemistry,,4133952-6,,,,
Q2609670,corporate law,,,sh85032912,,,
Q2474068,cosmetology,,,sh85012726,613.488|646.72,,
Q631942,cosmography,,,sh85033167,,300054287,
Q338,cosmology,880600,4114294-9,sh85033169,113|523.1,300054294,
Q4390239,counseling,,,sh85033421,,,
Q17537576,creative work,,,,,,
Q586060,creative writing,882489,4165550-3,sh85033847,808.02|808.3,,
Q106597211,criminal justice,,,,,,
Q117488,criminal justice,,4057789-2,sh85034049,345.01,,
Q146491,criminal law,,4057795-8,sh85034058,345,300054415,
Q161733,criminology,,4033197-0,sh89002994,364,300054356,
Q1141276,crisis management,,4127374-6,sh85034122,658.4056,,HD49-HD49.6
Q108352437,critical race studies,,,,,,
Q42417332,critical university studies,,,,,,
Q672832,cryobiology,,,,,,
Q28598,cultural anthropology,,4133903-4,,305.8,,
Q3151005,cultural engineering,,,,,,
Q858517,cultural history,,7503708-7,,,,
Q997515,cultural institutions studies,,4309943-9,,,,
Q48785284,cultural management,,,,,,
Q1143546,cultural studies,,4033597-5,sh93005685,306,,HM623|GN345.7
Q157416,curriculum and instruction,,,,,,
Q182290,customs agency,,4263956-6,sh85034969,382.7,,
Q123637,cybernetics,,4033888-5,sh85035046,003.5,300054473,Q300-Q390
Q17233037,cybersecurity,,,,,,
Q100326540,cybersecurity engineering,,,,,,
Q122705444,dairy science,,4169930-0,,,,
Q11639,dance,,4059028-8,sh85035659,792.8,300054144,
Q638422,data architecture,,,,,,
Q104659521,data engineering,,,,,,
Q21572113,data entry and microcomputer applications,,,,,,
Q2374463,data science,,,,,,
Q389772,data transmission,,4011150-7,sh85037972,,,
Q108509507,deaconess studies,,,,,,
Q50351536,deep-sea biology,,,,,,
Q11657089,defense studies,,,,,,
Q37732,demography,,4011412-0,sh85036659,304.6,300054357,
Q26234216,demotics,,,,,,
Q489933,dental assistant,890382,4706766-4|4673587-2|4067294-3|4270011-5,sh85036862,,,
Q12128,dentistry,,4079454-4,sh85036953,617.6|617,300054517,
Q302542,deontic logic,,4133538-7,sh85037000,160,,
Q82604,design,,4011510-0,sh85037197,729|745.4,300054171,
Q18281409,design culture,,,,,,
Q5264373,design research,,,,,,
Q41607440,design studies,,,,,,
Q5266736,development communication,,,,,,
Q120207900,development finance,,4454600-2,,,,
Q651571,development studies,,4014937-7,,,,
Q134293,dharma,,4135700-0,,,300264384,
Q119950618,diatomology,,,,,,
Q860372,digital art,,4010453-9,sh00007354,776,300386810,
Q107392206,digital arts,,,,,,
Q336387,digital history,,,,,,
Q1055825,digital journalism,,,sh2004000803,,,
Q12308624,digital systems and design,,,,,,
Q694134,diplôme d'études approfondies,,,,,,
Q108409856,dirección audiovisual,,,,,,
Q93438884,directing,1149278,,sh85134542,,,
Q108586224,directing for film and television,,,,,,
Q2137554,direction,,4177403-6,sh85099826,,,
Q627208,disability studies,,,,,,
Q3153007,distributed artificial intelligence,,4281805-9,sh88004324,,,
Q17002247,divinity,,,,,,
Q849697,doctorate,,4150376-4,,,300312081,
Q1235146,documentary filmmaker,,1175958913|1175959111,,,,
Q615498,documentary photography,,4142019-6,sh85101277,,300134547,
Q105237946,double bass performance,,,,,,
Q64689164,double major,,,,,,
Q25372,drama,,,sh85039316,792.12,300417554|300054152,
Q21010853,drama fiction,,,,,,
Q116380623,dramatic literature,,,,,,
Q1255706,dramatic theory,,,,,,
Q492537,dramaturgy,,4124796-6,sh85039386,792.0233|791.430233,,
Q93184,drawing,,4127900-1,sh85039408,741,300033973,
Q18424298,drzewnictwo,,,,,,
Q1472055,early childhood education,,,,,,
Q1472221,early childhood education,900596,,sh87007854,,300054362,
Q5308718,early modern period,,7503866-3,,909.08,,
Q116845132,early performance,,,,,,
Q106387954,earth science studies,,,,,,
Q1577380,ecclesiastical law,,4056656-0,sh85040680,262.9,,
Q795082,ecodesign,,,,,,
Q55693877,ecoeconomics and business,,,,,,
Q7150,ecology,,4043207-5,sh85040752|sh99005735,577,300054468,
Q5333289,ecology and evolutionary biology,,,,,,
Q160039,econometrics,,4132280-0,sh85040763,330.015195,,
Q3475802,economic and social sciences,,,,,,
Q5333460,economic entomology,,,,,,
Q187097,economic geography,,4066446-6,sh85054016,330.9,,
Q853915,economic geology,940720,4140085-9,sh85054085,553,,
Q47398,economic history,901974,7504419-5,sh85040817,,,
Q582577,economic policy,902025,4066493-4,sh85040837|sh99005752,338.9,,HD87-HD87.55
Q610859,economic sociology,,4066514-8,,,,
Q8134,economics,902116,4066528-8,sh85040850,330,300054359,HB1-HB130
Q806718,economics of banking,,4129045-8,sh85011609,332.1,,
Q5333597,economics of scientific knowledge,,,,,,
Q159810,economy,,4066399-1,sh85040802,330,300389790,
Q11857274,ecu­men­ics,,,,,,
Q8434,education,902499,4112628-2,sh85040989,370,300054360,
Q861689,education economics,,4006664-2,sh85041004,,,
Q5341291,educational leadership,,,,,,
Q861455,educational management,,,,,,
Q59157,educational psychology,,4044321-8,sh85041141,,,LB1050.9-LB1091
Q861641,educational sciences,,,,,,
Q1068473,educational technology,,,,,,
Q8772471,educommunication,,,,,,
Q1656208,ego psychology,903891,4123407-8,sh85041254,,,
Q28950261,electrical and computer engineering,,,,,,
Q43035,electrical engineering,,4014390-9,sh85041666,621.3,300054490,
Q2717892,electrical installations,,,,,,
Q2474620,electrochemical engineering,,,,,,
Q533188,electromechanics,,,,,,
Q126095,electronic engineering,,,,,300253978,
Q11650,electronics,907538,4014346-6,sh85042383,537,300253971,
Q131683,embryology,,4014562-1,,571.86,,
Q211830,emeritus,,4152069-5,,,,
Q5374252,empirical psychology,,,,,,
Q1346207,encyclopaedistics,,,,,,
Q24963174,energy and environmental engineering,,,,,,
Q380170,energy conservation,,4014700-9,,333.7916,300073222,
Q81096,engineer,910639,4026955-3|4192847-7,sh85043249,620.0092,300025063,
Q11023,engineering,,4137304-2,sh85043176,620,300054474,
Q108375738,engineering,,,,,,
Q2235851,engineering mathematics,,,,,,
Q770766,engineering physics,,,,,,
Q24962856,engineering studies,,,,,,
Q1048431,enterprise architecture,,7856257-0,,,,
Q39286,entomology,,4152382-9,sh85044125,595.7,300251856,
Q3908516,entrepreneurship,,7588126-3,,338.04,,HB615
Q55586156,environmental and natural resources,,,,,,
Q321355,environmental chemistry,,4135167-8,sh85044168,577.14,,
Q16000091,environmental design,,,,,300251190,
Q753291,environmental economics,,4061638-1,sh93004763,338.927|333.7,,
Q146326,environmental engineering,912934,4061650-2,sh85044170,628,300054483,
Q932068,environmental health,,,,,,
Q5333239,environmental humanities,,,,,,
Q929380,environmental resource management,,4201709-9,sh95010683,,,
Q188847,environmental science,,4137364-9,sh92004048,333.7|500,300054510,
Q5381367,environmental studies,,,,,,
Q883112,enzyme kinetics,,,,,,
Q12765408,epidemiologist,,1028597347|1130736415,,,,
Q133805,epidemiology,,4015016-1,sh85044373,614.4|636.08944,300379975,
Q41870,ethnic studies,,,,,300197770,
Q2375831,ethnobiology,,,,,,
Q2555854,ethnochoreology,,,,,,
Q132151,ethnography,,,,,300054319,
Q43455,ethnology,916106,4078931-7,sh85045198,305.8,300054316,
Q1601482,ethnology of religion,,,,,,
Q1371415,ethnopharmacology,,,,,,
Q208365,etnomusicology,,4127833-1,sh85045421,780.89|780|305.8,300025564|300054241,
Q840400,evolutionary biology,,4153283-1,sh90004042,,,QH359-QH425
Q55714018,exercise science and coaching,,,,,,
Q3508531,experience design,,,,,,
Q18366,experimental physics,,4132579-5,,530.078,,
Q7884093,family and consumer science,,4023828-3,,,,
Q623006,family economics,,4123185-5,sh95007409,,,
Q3505712,family medicine,,4135788-7,sh85047057,616,,
Q29583,fashion design,,7510814-8,,,300138708,
Q8253,fiction,,4192723-0,sh85048050,,300055918,
Q16323527,filigranology,,,,,,
Q116845672,film composition,,,,,,
Q12765827,film direction,,4129888-3,,,,
Q932586,film production,,4124971-9,,,300263841,
Q1660187,film studies,,4154385-3,,,,
Q28793,film theory,,4071216-3,sh2008108033,,,
Q20871691,film- en televisiewetenschappen,,,,,,
Q43015,finance,,,sh85048256,332,300055715,
Q12238348,financial and banking science,,,,,,
Q2294553,financial economics,,,,332,,
Q4738155,financial management,,4139075-1,sh85018286,,,
Q219625,fine art,,,,,300054195,
Q106371273,fine arts,,,,,,
Q1066582,fine-art photography,,,sh85101269,,,
Q484181,fiqh,979949,4409409-7,sh85068454,,,
Q107711,firefighter,,4154284-8|7521348-5,sh2002006171,363.37023|363.37092,300025862,
Q1420050,fisheries science,,4401603-7,sh2005020061,,,
Q635139,fishing industry,,4017345-8,sh85048666,,,
Q106148879,flute performance,,,,,,
Q134452785,folk crafts,,,,,,
Q36192,folklore,,4063849-2,sh85050104,390|398,300055920,GR1-GR950
Q132116,folkloristics,,4329183-1,sh85050150,398.092,300055920,
Q6631525,food engineering,,,,,,
Q104033189,food processing equipment,,,,,,
Q1637030,food science,,4167048-6,sh2018000786,,,
Q1039642,food technology,,4034901-9,,664,,
Q495304,forensic science,932011,1199322490,sh90001487,363.25|614.1,300263373,
Q105552831,forest hydrology,1715752|965190,4393598-9,sh85063461,,,GB842
Q38112,forestry,,4017966-7,sh85050707,634.9,300054511,SD1-SD669.5
Q19924411,forestry science,,4155069-9,sh88003739,,,
Q3082422,francology,,,,,,
Q3306816,freshwater biology,,,sh85051943,,,
Q190549,functional analysis,936061,4018916-8,sh85052312,515.7,300380275,
Q1004343,fundamental theology,,4018877-2,sh85006028,230.01,,
Q1957816,furniture design,,,,,300435227,
Q1995140,galaxy formation and evolution,,,sh94008658|sh85052765,,,
Q1144718,gas kinetics,,4019339-1,sh85053291,533.2,,
Q120569,gastroenterology,,4121313-0,sh85053479,616.33,,
Q83437,gemstone,,4052949-6,sh85053712,553.8,300201964,
Q1517835,gender history,,4547810-7,,,,
Q1662673,gender studies,,4482930-9,,,,
Q6163243,gender violence,,,,,,
Q12041895,general biology,,,,,,
Q10660901,general economics,,4078943-3,,,,
Q113361193,general science,,,,,,
Q932510,general surgery,,,,,,
Q1124169,genetic counseling,,,sh85053853,,,RB155.7
Q913584,genetic genealogy,,,,,,
Q7162,genetics,,4071711-2,sh85053877,576.5,300138822,
Q3508604,genology,,,,,,
Q96379173,genome informatics,,,,,,
Q5533546,genre studies,,,,,,
Q86619995,genre theory,,,,,,
Q1456948,geobotany,,4132141-8,,581.7,,
Q161764,geochemistry,,4020198-3,sh85053960,551.9,300054543,
Q213891,geochronology,,4020199-5,,,,
Q5533986,geodesign,,,,,,
Q131089,geodesy,,4020202-1,sh85053969,526.1,300054544,
Q751404,geodetic astronomy,,4139787-3,,,,
Q1265151,geoecology,,4137703-5,,,,
Q3537694,geographic information science,,,,,,
Q1071,geography,,4020216-1,sh00005919,372.892|910|372.891,300054388,
Q23314441,geography and cartography,,,,,,
Q47452440,geography and history,,,,,,
Q3123464,geohistory,,,,,,
Q918779,geoinformatics,1930737,7571300-7,sh2015002292,,,
Q124468378,geoinformation science,,,,,,
Q1069,geology,940627,4020227-6,sh85054037,551|550,300054546,
Q46255,geophysics,,4020252-5,sh85054185,550,300264406|300054548,
Q159385,geopolitics,,4156741-9,sh85054192,320.12,300255147,JC319
Q57721430,geosciences,,,,,,
Q5548545,geospatial engineering,,,,,,
Q124471792,geospatial information science,,,,,,
Q64811452,geospatial science,,,,,,
Q127993,geothermal energy,,4020285-9,sh85054271,333.88,300055221,
Q52120,glaciology,942986,4205614-7,sh85055077,551.31,,
Q2725393,global health,1181338,1262928265,sh85148199,,,RA441
Q121084857,global security,,,,,,
Q1048140,global studies,,,,,,
Q7181,globalization,,4557997-0,sh99010179,303.4|337,300379578,JZ1317.5-JZ1324
Q87593377,globalization studies,,,,,,
Q12096833,goniometry,,,,,,
Q1553864,governance,,,,,,
Q7188,government,,4049012-9,sh00005941,321,300055499|300386741,
Q20665717,government procurement,,,sh85056099,,,
Q129254777,government studies,,,,,,
Q131476,graph theory,,4113782-6,sh85056471,511.5,,QA166-QA166.249
Q911059,graphic arts,,,,,300264849,
Q185925,graphic design,,,,760,300054181,
Q1027879,graphics,,4021845-4,sh85056474,,,
Q131782974,green biotechnology,,,,,,
Q65007799,green chemical science,,,,,,
Q107432112,guidance and counseling,,,,,,
Q105107179,guitar performance,,,,,,
Q1221899,gynaecology,949684,4018225-3,sh85058092,618,,
Q234343,hadith,950112,1153832267,sh85058192,,,KBP450
Q2522419,hard science,,,,,,
Q106163201,harp performance,,,,,,
Q106293524,harpsichord performance,,,,,,
Q1137608,health administration,,,sh85059600,,,
Q31218,health economics,,4130935-2,sh85082915,338.473621,,RA410-RA410.9
Q870895,health informatics,1014175,4038261-8,sh89005069,610.285,,
Q843601,health sciences,,4249464-3,,610,300054515,
Q103884376,hearing science,,,,,,
Q1798773,"heating, ventilation, and air conditioning",,4031177-6,,697,,
Q2740627,heliophysics,,,,,,
Q5712543,hemorheology,,4123326-8,sh88007874,,,
Q861699,herbalism,,4774268-9,,636.0895321|615.53|615.321,,
Q9826,high school,,4159840-4,,373,300343452,
Q29973037,highway engineer,,,,,,
Q1109432,hispanism,,,sh85126190,,,
Q201788,historian,957686,4025098-2|4333423-4|4155430-9|7538693-8,sh85061091,907.202,300025539,
Q914856,historic preservation,957821,4011455-7,sh92002913,,300054166,
Q12766879,historical astronomy,,,,,,
Q47491145,historical phonology,,,sh2002006230,,,
Q109311746,historical sciences,,,,,,
Q1344860,historically informed performance,,4197967-9,sh2020008754,,,
Q50675,historiography,958221,4020531-9,sh85061211|sh00006046,907.2,300055926,D13-D15
Q309,history,958235,4020517-4,sh85061212|sh99005024,900,,D
Q73672877,history & literature,,,,,,
Q5774812,history and philosophy of science,,,,,,
Q1638627,history of Brittany,,,,,,
Q235329,history of Christianity,,4030720-7,,,,BR140-BR1510
Q831198,history of East Asia,,,,,,
Q1641744,history of Eastern Europe,,,,,,
Q28926,history of Iran,,,sh85067895,955,,
Q642379,history of Islam,,,sh87000556,,,
Q556079,history of Palestine,,,sh85097166,900|933,,
Q50641,history of art,,7503709-9,,,,
Q2495041,history of botany,,,,,,
Q9292847,history of cinema,,,,,,
Q2501507,history of costume,,,,,,
Q107478,history of film,,,sh87002438,,,
Q570018,history of ideas,,4138031-9,sh85067166,001.09,,
Q1478235,history of linguistics,,,,,,
Q6497044,history of literature,,7503748-8,sh85077519,809,300174173,
Q27654,history of philosophy,,,,109,,
Q846742,history of religions,,,sh85112553,,300054309,
Q201486,history of science,,7504427-4,,509,,
Q3137572,history of science,,,,,,
Q2183341,history of science and technology,,,,,,
Q1444687,history of statistics,,,,,,
Q48258816,history of textiles,,,,,,
Q51615,history of the Middle East,,,sh85090506,956,,
Q15873402,history of the book,,,,,,
Q425694,home economics,,4159290-6,sh85061673,640,300054406,
Q33487,homophobia,959727,,sh88006552,306.766,,
Q48803,horticulture,,4019294-5,sh85062204,635,300054512,
Q15816013,hospitality management studies,,,,,,
Q64809639,hotel management,,,sh85062482,,,
Q83944,human evolution,963030,,sh85062868,,,GN281-GN289
Q12831143,human geography,,4133695-1,sh85005570,304.2,300054392,
Q177626,human migration,,4120730-0,,325,300263931,
Q2602563,human nutrition,,4015332-0,,,,
Q2892439,human physiology,963183,,sh85062884,,,QP34-QP38
Q1056396,human resource management,,4076000-5,sh85100143|sh00006939,023,,
Q118189177,human resources development,,,,,,
Q8458,human rights,,4074725-6,sh85026379,323,300404862,K3236-K3268.5
Q108352534,human rights and social justice,,,,,,
Q1587903,human science,,4481515-3,,,,
Q17027869,human services,,,,,,
Q12812953,human-centered computing,,,,,,
Q80083,humanities,963588,,sh85062913,001.3,300054136,
Q207434,human–computer interaction,963494,4125909-9,sh88003229,,,QA76.9.H85
Q16247567,humor studies,,,,,,
Q19724861,hutníctvo,,,,,,
Q912065,hydrochemistry,1171592,4072678-2,sh85145539,,,GB855|GB857.3
Q182468,hydrography,,,sh85063443,551.46,300054549,
Q64687910,iTaukei Language and Culture,,,,,,
Q21550668,illustration,,,,741.6,300054200,
Q178659,illustration,,4123412-1,sh99001255,741.64,300015578,
Q101929,immunology,,4026637-0|4072743-9,sh86002614,571.96,,
Q6024668,indigenous archaeology,,,,,,
Q106136048,indigenous journalism,,,,,,
Q108352346,indigenous studies,,,,,,
Q10535277,inductive logic,,4161594-3,,004.015113|160|161|511.3,,
Q2045692,industrial and organizational psychology,,4135097-2,sh85108476,,,
Q742990,industrial biotechnology,,,,,,
Q6745636,industrial chemistry,,,,660,,
Q243606,industrial design,,4072788-9,sh85037199,745.2,300054183,
Q64802419,industrial energy processes and sustainability,,,,,,
Q2267418,industrial engineer,,,,,300025082,
Q4489420,industrial engineering,,4026775-1,sh85065864,670,300054494,
Q6314146,industrial engineering and management,,,,,,
Q1411783,industrial organization,,4133311-1,sh85065909,338,,
Q932071,industrial relations,,,sh85065928,331,300054408,
Q4027615,informatics,,,,,,
Q10853833,informatics,,,,,,
Q67167509,informatics duta wacana christian university,,,,,,
Q85906285,"informatics engineering, faculty of engineering, lampung university",,,,,,
Q55693903,informatics: computer multimedia,,,,,,
Q64348012,information and communication engineering,,,,,,
Q1254373,information engineering,,4205982-3,,,,
Q579488,information management,,4114012-6,sh85066147,,300054624,ZA3085.5
Q55713999,information management,,,,,,
Q750843,information processing,,4161678-9,,,,
Q6031190,information school,,,,,,
Q16387,information science,972640,4128313-2,sh85066150,000,300054574,
Q189900,information security,,1217680330,,,,
Q67168022,information system duta wacana christian university,,,,,,
Q64812807,information systems studies,,,,,,
Q11661,information technology,,4026926-7,,,300128218,
Q134656028,information technology & computer applications,,,,,,
Q6030887,information technology architecture,,,,,,
Q1473265,information technology management,,,sh2008006980,,,
Q55714001,innovation and entrepreneurship,,,,,,
Q794803,innovation management,,4161817-8,sh2008112644,,,
Q11165,inorganic chemistry,,4002145-2,sh85023017,546,300054540,
Q112130247,insurance,,,,,,
Q105898109,integrative biology,,,,,,
Q1195695,intellectual history,,,,,300054397,
Q1061656,interaction design,,,,,,
Q1205196,intercultural communication,,4033569-0,sh85067222,303.482,,HM1211
Q104863444,interdisciplinary arts,,,,,,
Q105310982,interdisciplinary humanities,,,,,,
Q69975710,interdisciplinary studies,,,,,,
Q179232,interior design,,,,747,300054184,
Q856574,interlinguistics,,,,,,
Q11180,internal medicine,,4027074-9,sh85067347,616,,
Q3681519,international business,,,,,,
Q6054533,international communication,,,sh85029042,,,
Q108348669,international diplomacy,,,,,,
Q47417,international economics,,4003856-7,sh85067395,337,,
Q3247219,international health,,,,,,
Q130427619,international health,,,,,,
Q1147615,international human rights law,,,,,,
Q4394526,international law,,4063693-8,sh85067417,341,300054418,KZ
Q1762091,international politics,,4072885-7,,,,
Q166542,international relations,977053,,sh85067435,327,300054441,
Q3312693,international security,,,sh85119471,327.116,,JZ5586-JZ6009
Q5654877,international studies,,,,,,
Q55584926,international studies in education,,,,,,
Q178803,international trade,977128,4003832-4,sh87004890,382,,
Q12746906,internet services technology,,,,,,
Q210439,interpretation,,4150394-6,,418.02,,
Q6060491,invertebrate paleontology,,,,,,
Q8341,jazz,,4028532-7,sh85069833,781.65,300266367,
Q18822510,jazz singing,,,n2004079564,,,
Q326358,joiner,983848,4125471-5|4288284-9,sh85070643,684.104023|684.104092,300025378|300025376|300025370,
Q11030,journalism,984032,4028779-8,sh85070736,070|070.4023,300054354,
Q1709909,journalism studies,,4337135-8,,,,
Q1930187,journalist,984188,4028781-6|4028786-5,sh85070788,070.4023|070.92|070.4082,300025501,
Q471855,jurisdiction,,,sh85071077,,,
Q4932206,jurisprudence,,4076570-2,sh85071088,348.04,,
Q185351,jurist,,4029050-5|4130076-2,,340.092,300236907,
Q115160929,keyboard instrument performance,,,,,,
Q657632,kinesiology,,4069421-5,sh85072383,152.3|796.07|612.76|796.01|613.7,,QP303
Q1540472,knowledge engineering,,,,,,
Q59029,labor history,,,,,,
Q608190,labor relations,,,,,,
Q629350,labor studies,,4002808-2,,,,
Q47844,landscape architecture,991814,7700528-4,sh85074398,712,300054157,
Q738011,landscape ecology,,4034352-2,sh90002545,577|333.72,,
Q246107,landscape planning,,4034354-6,,,,
Q315,language,,4056449-6,sh85074518,400,300055193,
Q2313213,language education,,4056505-1,,,,
Q1976109,language technology,,,,,,
Q6495391,late modern period,,,,909.8,,
Q7748,law,,4048737-4,sh85075119,340|348,,K|K1-K7720.22
Q2325210,law of state (as polity),,,,,,
Q40348,lawyer,994346,4048755-6|4177191-6,sh85075351|sh00006383,340.092,300025627,
Q484275,leadership,,4018776-7,sh85075480,658.4,,
Q680004,legal history,,4121564-3,sh85075133,340.09,,
Q55070421,legal metrology,,,,,,
Q4180175,legal practice,,,,,,
Q382995,legal science,,,,,,
Q1331392,legal theory,,4126505-1,,,,
Q178433,lexicology,,4114409-0,sh85076359,413,,
Q284290,lexicostatistics,,,,,,
Q189329,liberal arts education,,4143124-8,,,,LC1001-LC1024
Q85884626,liberal studies,,,,,,
Q13420675,library and information science,,,,,,Z664.2-Z718.85
Q856600,library history,,4306765-7,,,,
Q199655,library science,997916,4006465-7,sh85076723,020,300054576,
Q691532,licentiate degree in law,,,,,,
Q165838,limnology,998940,4035769-7,sh85077053,551.48,,
Q1972954,linguistic taxonomy,,,,,,
Q8162,linguistics,999202,4074250-7,sh85077222,410,300054245,P120.52-P149.22|P121
Q6556376,lipidomics,,,,,,
Q6647565,literae humaniores,,,,,,
Q1333743,literary composing,871741,4136011-4,sh85029406,,,
Q58854,literary criticism,883735,4036020-9,sh85034149,800,300174160,PN80-PN99
Q208217,literary studies,,4036034-9,,,,
Q459381,literary theory,,4036031-3,sh85077509,801,300055893,
Q8242,literature,,4035964-5,sh85077507,800,300180362|300054273,PN
Q64800615,literature and language,,,,,,
Q55586009,"literature, culture and media",,,,,,
Q172331,liturgy,,4036050-7,sh85077734,203.8,300055983,BV169-BV199
Q8078,logic,,4036202-4,sh85078106,160,300054292,BC1-BC199
Q105858118,"logic, computation and methodology",,,,,,
Q177777,logistics,,4036210-3,sh85078128,,,
Q209928,madhhab,,,,,,
Q2549249,magnetohydrodynamics,,4130803-7,sh85079784,538.6,,
Q183904,mammalogy,1006944,4168746-2,sh96010388,599,,
Q2920921,management,1007141,4037278-9,sh85080336,650,300054594,
Q899279,management control system,,4070102-5,,,,
Q2414942,management science,1007306,,sh85080363,658,,
Q22811962,management studies,,,,,,
Q11049265,manufacturing engineering,,1072438291,,,,
Q7173,marine biology,,4169246-9,sh85081138,578.77,300264402,
Q882463,marine biotechnology,,,,,,
Q4530312,marine ecology,1009513,4195671-0,sh85081156,,,
Q107267429,marine mammalogy,1009689,,sh98000806,,,
Q50840417,marital compatibility,,,,,,
Q39809,marketing,,4037589-4,sh85081333,658.8,300054673,
Q1143466,marketing management,,,sh85081339,,,
Q853710,mass communication,,4037875-5,,,,
Q6005485,mass communication research,,,,,,
Q11033,mass media,1011219,4037877-9,sh85081863,302.23,300055812,
Q183816,master's degree,,4706762-7,,,300312342,
Q2143054,material culture,,4051157-1,,,300054239|300263553,
Q1710723,materials engineering,,,,,,
Q228736,materials science,,4079184-1,sh85082094,620.11,300054496|300251959,
Q55659941,materials science and nanoengineering,,,,,,
Q7754,mathematical analysis,,4001865-9,sh85082116,515,,
Q751611,mathematical biology,,,sh85014235,570.151,,
Q135427453,mathematical engineering,,,,,,
Q745328,mathematical statistics,,,,,,
Q18420401,"mathematical, physical and natural sciences",,,,,,
Q395,mathematics,,4037944-9,sh85082139,510,300054522,
Q3299046,mathématiques-informatique,,,,,,
Q15824073,means of communication,,4169187-8,,,,
Q12453,measurement,,4038852-9,,530.8,300266037|300053578,
Q1906857,mechanical engineer,,4168997-5|7627826-8,,,,
Q101333,mechanical engineering,1013375,4037790-8,sh85082757,621.8,300054504,
Q2358766,mechanical engineering studies,,,,,,
Q41217,mechanics,1013446,4038168-7,sh85082767,531,300054568,
Q180165,mechatronics,,4238812-0,sh93001518,621,,
Q118744998,media art,,,,,,
Q96583169,media culture studies,,,,,,
Q1916458,media economy,,,,,,
Q50636,media history,,4114544-6,,,,
Q1212747,media informatics,,4875411-0,,,,
Q1507246,media literacy,,4680767-6,sh96010160,,,
Q1916399,media management,,,,,,
Q1421211,media psychology,,,,,,
Q165650,media studies,,4169194-5,,,,
Q1916441,media technology,,,,,,
Q223871,mediation,,4191538-0,sh85082846,303.69,300258346,
Q1779521,medical anthropology,,7503792-0,sh85082859,,,
Q14970638,medical assistant,,4270817-5|4003163-9,,,,
Q6806472,medical billing,,,,,,
Q25419089,medical biotechnology,,,,,,
Q931309,medical imaging,,4006617-4,sh85037507,616.0754,,
Q454812,medical jurisprudence,,4048805-6,sh85082955,614.1,300124744,
Q6567097,medical laboratory science,,,,,,
Q55584925,medical life sciences,,,,,,
Q598976,medical microbiology,,4038264-3,sh85082974,616.904  1,,
Q1120908,medical physics,,4130758-6,sh85083001,610.153,,
Q11790210,medical sciences,1014601,,sh85083022,,,
Q11190,medicine,1014893,4038243-6,sh85083064,610,,
Q12391992,medieval English literature,,,,,,
Q15812036,medieval German studies,,4142065-2,sh85054412,,,
Q1163234,medieval Latin,,,,477,300388857,
Q134301694,medieval Spanish literature,,,,,,
Q1671076,medieval archaeology,,,sh85006512,940.1,,
Q117812234,medieval art historian,,,,,,
Q27992545,medieval history,,,,,,
Q119190,medieval studies,,4038217-5,sh85085002,,300389816,
Q444345,melodics,,,,,,
Q1919954,membrane biophysics,,,,,,
Q120986019,mental health counseling,,,,,,
Q1175969,mental hygiene,,4047698-4,,,,
Q5916079,metallurgical engineering,,,,,,
Q11467,metallurgy,,4074756-6,sh85084158,669,300054499,
Q25261,meteorology,,4038953-4,sh85084334,551.5,300054550,
Q394,metrology,,4169749-2,sh2001008470,389,300379443,
Q1934048,micro system technology,,4221617-5,,,,
Q7193,microbiology,,4316357-9,sh85084783,579,300054469,QR1-QR502
Q175403,microelectronics,,4039207-7,sh85084822,621.381,300253974,
Q48967832,microwave spectroscopy,,,,,,
Q18088513,milieusysteem,,,,,,
Q627716,military aviation,,,sh85001371,,,
Q192781,military history,1021222,4169943-9,sh85085207|sh00005863,355.009,300249450,
Q9299550,military history of Portugal,,,,,,
Q1483473,military history of the United States,,,sh85140338,,,
Q192386,military science,,4169977-4,,350,,
Q219087,military strategy,,4309237-8,sh85128514,355.02,,
Q83353,mineralogy,,4039457-8,sh85085589,549,300054552,
Q44497,mining,,4005614-4,,622,300054710,
Q1370637,mining engineering,1022890,4170498-8,sh85085712,,,
Q910375,missiology,,4170151-3,,,,
Q3317838,modeling,,,sh85086422,,300053130|300053130,
Q21572183,"modeling, virtual environments and simulation",,,,,,
Q3281534,modern period,,4171678-4,sh85061236,,,
Q11790583,modern philology,,,,,,
Q7202,molecular biology,1024734,4039983-7,sh85086577,572.8|611.01816,300054470,
Q55659937,"molecular biology, genetics, and bioengineering",,,,,,
Q64898507,molecular biosciences,,,,,,
Q55213915,molecular design,,4265444-0,,,,
Q3523861,molecular engineering,,,,,,
Q4118435,molecular epidemiology,,,,,,
Q3523816,molecular medicine,,,,,,
Q2007033,molecular phylogenetics,,,sh2003004725,,,
Q16669800,moral philosophy,,,,,,
Q4355306,moral psychology,,,,,,
Q15195740,moral theology,,4074972-1,,205,,
Q38311,morphology,,4170560-9,,415.9,300054259,
Q115912559,morphometric analysis,,,,,,
Q1851434,morphometrics,,4140696-5,,,,
Q41253,movie theater,,4129654-0,sh85088079,725.823,300007135,
Q134405160,multilateral diplomacy,,,,,,
Q30671941,multimedia journalism,,,,,,
Q460162,museology,1030114|2033919,4170787-4,sh85088722|sh2021008605,069,300054275,
Q65007448,music,,,,,,
Q638,music,1030269,4040802-4,sh85088762|sh99001795,780,300054146|300417584,
Q105107008,music composition,,,,,,
Q27908,music education,1030347,4040843-7,sh85088796,780.7|780.71|372.87044,,MT1-MT999
Q10590700,music history,,4456406-5,,,,
Q6941977,music librarianship,,,,,,
Q2001895,music paleography,,,sh85097089,780.262,,
Q104450393,music performance,,,,,,
Q1955212,music philology,,,,,,
Q64416036,music printing,,,,,,
Q959049,music production,,4235850-4,,,,
Q476590,music psychology,,4127817-3,,,,
Q193544,music theory,1030620,4040876-0,sh85088826,781,300417579,MT5.5-MT7
Q510293,musical acoustics,,,,,,
Q65096458,musical arts,,,,,,
Q1049625,musical improvisation,968306,,sh85064678,781.36,,
Q6942562,musical performance,,,,,300262956,
Q1370345,musical theater,,4040874-7,,,,
Q164204,musicology,,4130526-7,sh85089048,780.72,300054240,
Q7175,mycology,1031307,4139655-8,sh85089188,579.5|616.96901,,
Q580854,mythography,,,,,,
Q912169,nanoscience,1032629,7734987-8,sh2002000242,500,,
Q382451,narratology,,4152975-3,sh85038364,,,
Q6456916,national economy,,4063885-6,,,,
Q258307,national security,,,sh85090122,,,
Q55549024,national security and strategic studies,,,,,,
Q4314780,nationalism studies,,,,,,
Q43619,natural environment,,,,,,
Q43400663,natural resource science,,,,,,
Q105575840,natural resources,,,,,,
Q55714778,natural resources law and international environmental law,,,,,,
Q7991,natural science,,4041421-8,,500,300233656,
Q113976585,natural science,,,,,,
Q1391017,natural sciences,,,,,,
Q123654087,nautical cartography,,,,623.8922,,
Q1979034,network engineer,,,,,,
Q1192971,network theory,,,,,,
Q64811445,networks and security,,,,,,
Q29957723,neurobehavioral genetics,,,,,,
Q2728012,neurobiology,1036315,4041871-6,sh85091114,,,
Q1045712,neuroeconomics,,,sh2005008805,,,
Q30899321,neurofisiopatologia,,,,,,
Q3026765,neuropharmacology,,,,,,
Q207011,neuroscience,,7555119-6,sh91006099,573.8|612.8,,
Q683794,new media,,4196910-8,,302.231,,
Q378604,new media art,,4113418-7,,,300386814,
Q118744842,new technology,,,,,,
Q111146040,newest history,,,,,,
Q187084,newspaper studies,,4127685-1,,,,
Q3125341,noetics,,,,,,
Q1097688,non-parametric statistics,,,sh85092349,,,
Q627006,normal school,,,,,,
Q3026029,normality test,,,,,,
Q83504,nuclear engineering,1040032,,sh85092968,621.48,,
Q81197,nuclear physics,1040386,4030340-8,sh85093024,539.7,300054569,
Q186360,nurse,1041618,4165516-3|4032826-0,sh85093349,610.73092,300156142,
Q121176,nursing,1041731,4032813-2,sh85093362,610.73,300054519,
Q3475757,nursing science,,7603053-2,,,,
Q104853682,oboe performance,,,,,,
Q5284418,obstetrics,1042994,4019604-5,sh85093768,618.2,,
Q80015,obstetrics and gynaecology,,,,,,
Q7478098,occupational health,,,,,,
Q2064531,occupational safety,,4068817-3,,,300179384,
Q380141,occupational therapy,,4673586-0,sh85093850,616.89165|615.8515,300189220,
Q43518,oceanography,,4074685-9,sh85093937,551.46,300054553,
Q3349060,oceanology,,,,,,
Q297672,oenology,,4126172-0,,663.2001,300189477,
Q110735073,oenology and viticulture,,,,,,
Q2751907,office administration,,,,,,
Q162555,oncology,,4075658-0,sh85094724,616.994,,
Q44325,ontology,1045995,4075660-9,sh85094833,111,300054295,BD300-BD450
Q107183471,opera production,,,,,,
Q1423657,operations management,,,,,,
Q161437,ophthalmology,,4003593-1,sh85095071,617.7|617,,
Q14620,optics,1046845,4043650-0,sh85095181,535,300054570,
Q618211,optometry,,,sh85095209,617.75,300237219,
Q127522898,oral biology,,,,,,
Q13445028,oral hygiene,,4067327-3,sh85087992|sh85036893,,,
Q5362857,oral kinesiology,,,,,,
Q3673891,oral medicine,,4077924-5,sh85128280,617.522|617.6,,
Q2027981,oral surgery,,4040729-9,sh85088002,,,
Q105339166,organ performance,,,,,,
Q11351,organic chemistry,853501,4043793-0,sh85023022,547,300054541,
Q19483216,organizational behavior studies,,,sh85095524,,,HM791
Q149584,organizational theory,,4121434-1,sh91002392,,,
Q237200,organometallic chemistry,,4602390-2,sh86004134,547.05,,
Q2030542,oriental languages,,,,,,
Q476294,oriental studies,,4172819-1,sh85008624,492.072|892.072,,
Q189553,otolaryngology,1048946,4023088-0,sh85096050,617.51,,
Q3374341,painting,,,,,300161986,
Q7206,paleoanthropology,,4173104-9,sh2001004516,569.9,300054326,
Q1578310,paleobiology,,4173106-2,sh85097024,560,,
Q192694,paleobotany,,4044361-9,sh85097026,561,300379414,
Q7205,paleontology,1051513,4044375-9,sh85097123,560,300054555,
Q7132695,paper studies,,,,,300260338,
Q1849855,parametric statistics,,,,,,
Q180502,parasitology,,4122308-1,sh85097922,571.999,,QL757
Q7140480,particle-size analysis,,,,,300379895,
Q7143049,pastoral counseling,,,,,,
Q2056335,pastoral theology,,4075925-8,sh85098604,253,,
Q1191511,pastry chef,,,,,,
Q2056817,patholinguistics,,4075929-5,,,,
Q20097254,peat chemistry,,,,,,
Q7922,pedagogy,,4044302-4,,370,,
Q1741837,pediatric nursing,1056451,4129486-5,sh85099163,,,RJ245
Q1430816,pediatric surgery,,7509388-1,sh85023483,617.98,,
Q123028,pediatrics,,4030594-6,sh85099185,618.92,,
Q104985225,percussion performance,,,,,,
Q35140,performance,,4143388-9,sh00005755,792|175|790.2|791,300069200,
Q1399956,performance management,,,sh2008109057,,,
Q7168264,performance studies,,,,,,
Q184485,performing arts,1057887,4129566-3,sh85099818,792|306.484|353.77|790.2|791,300054140,
Q938196,periodontology,,,sh85099922,,,
Q2355242,personnel psychology,,,,,,
Q1273174,petroleum engineering,,,sh85100427,,,
Q3760196,petroleum geochemistry,,,,,,
Q7180763,pharmaceutical sciences,,,,,,
Q319616,pharmacognosy,,4045693-6,sh85100596,615.321,,RS160-RS167.2
Q128406,pharmacology,1060259,4045687-0,sh85100599,174.2951|615.1|615,300137970,
Q614304,pharmacy,,4045705-9,sh85100603,615.1,300054520,
Q543219,pharmacy technician,,4045704-7|4748762-8,sh85100623,,,
Q40634,philology,,4174271-0,sh85100821,400|800,300054278,
Q488059,philosophical anthropology,1060766,4045798-9,sh85100845,128,300054321,
Q4356367,philosophical theology,,,,,,
Q5891,philosophy,1060777,4045791-6,sh85100849|sh99005065,100|109,300054279,
Q1257388,philosophy and economics,,4066489-2,sh2008102562,,,
Q115156524,philosophy and politics,,,,,,
Q564371,philosophy of education,,4070955-3,,,,
Q190721,philosophy of history,,4020529-0,sh2002006356,901,,
Q126842,philosophy of law,,4048821-4,sh85075139,340.1,,K201-K487
Q209295,philosophy of religion,1093794,4049415-9,sh85112554,210,300054303,BL51
Q59115,philosophy of science,,4117665-0|4202787-1|4121935-1,sh85118582,501|001.01|121|1--01,,Q174-Q175.3
Q35395,phonetics,,4045830-1,sh85101053,414.8,300054262,
Q11633,photography,1061714,4045895-7,sh85101206|sh00006943,770,300054225,TR
Q111143966,photography studies,,,,,,
Q506858,photojournalism,1062022,4212482-7,sh85101288,,300054229|300386725,TR820
Q11372,physical chemistry,853521,4045959-7,sh85023027,541,300224431,
Q243253,physical education,,4077704-2,sh85101517,613.7,,
Q5750455,physical metallurgy,,,,,,
Q3409055,physical preparedness,,,,,,
Q14632398,physical science,,,sh89005705,,300054532,
Q413,physics,,4045956-1,sh85101653,530,300054559,
Q1294199,physics education,,4045977-9,sh85101667,,,
Q521,physiology,1063177,4045981-0,sh85101679|sh99005103,571,300054471,
Q186005,physiotherapy,1062771,4045960-3,sh85101568,615.82,300156146,
Q771220,phytogeography,,4045561-0,sh85101689,581.9,,
Q486748,pianist,,4131406-2|4426550-5,sh85101720,786.2092,300235018,
Q5994,piano,,4030982-4,sh85101722,786.2,300042909,
Q104998020,piano performance,1063372,,sh85101747,,,
Q842158,plant biotechnology,,,,,,
Q107616960,plant cell biology,,,,,,
Q1387972,plant ecology,1065415,4045575-0,sh85015985,581.7,,
Q116251723,plant microbiology,1066055,,sh85102865,,,QR351
Q188956,plant pathology,,4130197-3,sh85102732,571.92|632,,
Q185973,plant physiology,,4045580-4,sh85102796,575,,
Q1078913,plastic arts,,4046277-8,,,300311925,
Q4364900,plethysmography,,,,,,
Q835023,poetics,,4046449-0,sh85103703,801.93|808.1,300069325,
Q482,poetry,1067691,,sh85103704,808.81,300055931,PN1010-PN1551
Q37445,police science,,,,,,
Q12142141,political activity,,,,,,
Q27778,political anthropology,,4293325-0,sh85104345,320.11,,
Q47555,political economics,,4115586-5,,330,,
Q191320,political geography,,4046535-4,sh85054025,320.12,,Z6004.P7
Q179805,political philosophy,,4076226-9,sh88004669,320.01,,B65
Q36442,political science,1069781,4076229-4,sh85104440,320,300054438,
Q1494494,political science and government,,4182687-5,,,,
Q55659900,political science and international relations,,,,,,
Q745692,political sociology,,4046558-5,sh85104457,306.2,,
Q15831440,political studies,,,,,,
Q7163,politics,1919741,4046514-7,sh2002011436,320|324,300055537,
Q64810360,politics/international affairs,,,,,,
Q750446,polymer chemistry,,4168684-6,,,,
Q7229751,popular culture studies,,,,,,
Q31151,population genetics,,4046804-5,sh85104920,576.58,,
Q4118152,postgraduate diploma,,,,,,
Q141212,postgraduate education,,4277297-7,,,,
Q7234391,postmodernist anthropology,,,,,,
Q1803786,power engineering,,4113411-4,,621.31,,
Q1269769,practical computer science,,,,,,
Q181839,pragmatics,,4076315-8,sh85106058,401.41|401.45|306.44,300054264,
Q2310752,prehistory and early history,,4121886-3,,,,
Q17634913,premilitary instruction,,,,,,
Q2108944,press statistics,,,,,,
Q975085,primary education,903204,4158406-5,sh85041077|sh99005768,372,300054366,
Q65007594,primary teaching,,,,,,
Q219488,primatology,,,,,,
Q271588,printmaking,,,,,300131119,
Q1733207,private international law,,4027446-9,sh85030965,340.9,,
Q4122235,private law,,4047304-1,,346,,
Q2144042,process engineering,,4062781-0,sh85107212,,,
Q64808885,production design,,,,,,
Q1080208,production theory,,,,,,
Q121594,professor,,,sh85028378,,300025533,
Q834933,progressive education,,,sh85107319,,,
Q179012,project management,,4047441-0,sh85065919,658.404,,
Q852732,proof theory,,4145177-6,sh85107437,511.36,,QA9.54
Q1129066,proprioception,,,,,,
Q50490353,protein crystallography,,,,,,
Q50490180,protein science,,,,,,
Q557399,psychoacoustics,1081233,4176198-4,sh85108410,,,
Q41630,psychoanalysis,,4047689-3,sh85108411,150.195,300054450,BF173-BF175.5|RC500-RC510
Q12354186,psychoanthropology,,,,,,
Q9418,psychology,1081447,4047704-6,sh85108459,150,300054446,
Q1064195,psychology of art,,,,,,
Q7256417,psychology of film,,,,,,
Q624758,psychopathology,,,sh85108479,616.89,,
Q2642975,psychopedagogy,,,,370.15,,
Q1428943,psychophysiology,,,sh85108484,612.8,,
Q31728,public administration,1081976,,sh85108611,350,300254069,
Q55693887,public administration theory,,,,,,
Q52676286,public affairs,,,,,,
Q274490,public finance,,4121273-3,sh85048270,336,,
Q189603,public health,1082238,4139691-1|4139640-6,sh85108638,362.1,300132827,RA|RA421-RA790.95
Q207892,public law,,4043181-2,sh85108696,342,300054444,
Q294199,public order,,4276243-1,,,,
Q546113,public policy,,4182679-6,sh85056091,,300055507|300054445,
Q85710967,public policy studies,,,,,,
Q133080,public relations,,4043188-5,sh85108753,659,300054685,HM1221
Q3972943,publishing,1083463,4187925-9,sh85108871,002|801.959,300054686,
Q203337,pulmonology,,4122323-8,,,,
Q7260944,purchasing manager,,,,,300252561,
Q837863,pure mathematics,,,,,,
Q1144457,quantum physics,,4047992-4|4266670-3,,530.12|539,,
Q64800769,quantum technology,,,,,,
Q21583222,rabbinic studies,,,,,,
Q872,radio,1087053,,sh85110385,791.4,300249989,PN1991-1991.9|TK
Q7281262,radioglaciology,,,,,,
Q77604,radiology,,4048213-3,sh85110774,616.0757,300229401,
Q290578,radiophysics,,,,,,
Q137560460,radioproductie,,,,,,
Q4260703,railway engineering,,4151498-1,sh85110872,,,
Q24965354,rangeland management,1089831,,sh85111362,,,
Q3067311,reception aesthetics,,,,,,
Q7306175,redology,,,,,,
Q482379,regional development,,4076605-6,,,,
Q107191213,regulated sectors law,,,,,,
Q9174,religion,1093763,4049396-9,sh85112549|sh2002007663,200,300054300,
Q670732,religious law,,4030746-3,,,,
Q34187,religious studies,,4049426-3,sh85112556,,,
Q55585836,renewable energy,,,,,,
Q653838,rescue archaeology,,4172069-6,,,300263442|300379376,
Q17126809,rescuer,,,,,,
Q42240,research,1095153,4017894-8,sh85113021,001.4,300054687|300254807,Q179.9-Q180.7
Q271707,rheology,,4049828-1,,531.1134,300379689,
Q81009,rhetoric,1096948,4076704-8,sh85113628|sh00007543,800,300054298,P301-P301.5
Q327657,rheumatology,,4128646-7,sh88000877,616.723,,
Q2349677,road construction,1098548|1098394,4057887-2,sh85114491|sh85114461,,,
Q170978,robotics,,4261462-4,sh85114628,629.892,300179504,
Q1446961,rocket science,,1180403177,,,,
Q3045473,rural development,,4034450-2,sh85115899,,300055435,
Q1393258,rural economics,,,,,,
Q116250315,rural social sciences,,,,,,
Q1187231,sabermetrics,,,,,,
Q666125,sacred history,,,,,,
Q4411719,sacred theology,,,,,,
Q135581741,santur performance,,,,,,
Q115160941,saxophone performance,,,,,,
Q2251335,school teacher,,,,,,
Q336,science,1108176,4066562-8,sh85118553|sh00007934,001.2,300054462,Q
Q97379602,science administration,,,,,,
Q2485457,science education,1108387,,sh85118587,507.1,,
Q2737409,science of hadith,,,,,,
Q2116549,science of journalism,,4126878-7,,,,
Q2736989,science of public administration,,4137670-5,,,,
Q1332231,science studies,,4129377-0,,,,
Q24550172,scientific culture,,,,,,
Q55029126,scientific metrology,,,,,,
Q865354,scientific socialism,,,,,,
Q103076,screenplay,1726675,4127976-1,sh85088064,791.437,300026491,
Q17310537,sculpture,,,,,,
Q13006147,secondary education,903252,4077347-4,sh85041082,373,300054368,
Q26710929,security science,,1112677186,,,,
Q1280151,security studies,,,,,,
Q83371,seismology,1111306,4379341-1,sh85119634,551.22,300266706,QE531-QE541
Q39645,semantics,1112079,4054490-4,sh85119870|sh2001008780,401.43,300054268,
Q957366,semiology,,,,,,
Q60195,semiotics,,4054498-9,sh85119950,302.2,300054254,
Q502159,serology,,4054613-5,sh85120300,616.0756|616.0795,300380564,
Q652122,sewing,,4171095-2,sh85120542,646,300053658|300261537,
Q482752,sharia,979949,1151921939,sh85068454,340.59,,
Q3253150,shipping,,,,,,
Q27939,singing,,4020470-4,sh85122827,782|783,300264372,
Q1363492,single-entry bookkeeping system,,4163148-1,,,,
Q269915,sinology,,4137926-3,sh85024195,495.1|895.1,,
Q65096622,social and community leadership,,,,,,
Q29051,social anthropology,,4129436-1,,306,300137966,
Q6701907,social communication,,,,,,
Q524273,social geography,,4055768-6,,304.2,,
Q908604,social history,1122498,4055772-8,sh85123948,306.09,300054403,
Q1572493,social pedagogy,,4055864-2,,,,
Q64812745,social policy and administration,,,,,,
Q161272,social psychology,,4055891-5,sh85123994,302,300054452,HM1001-HM1281
Q34749,social science,1122877,4055916-6,sh85124003,300,300054314,H
Q7551361,social science education,,,,,,
Q33122512,social sciences and humanities,,,,,,
Q14565700,social studies,,4055852-6,sh85124019,,,
Q66306401,social welfare,,,,,,
Q205398,social work,,4055676-1,,,,
Q2305240,social work science,,,,,,
Q18415368,socio-anthropology of adolescence,,,,,,
Q160845,sociolinguistics,,4077623-2,sh85124195,306.44,300054255,
Q21201,sociology,,4077624-4,sh85124200,301,300054453,
Q829367,sociology of education,,,sh85041146,,,
Q10296989,soft science,,,,,,
Q846636,software architecture,,4121677-5,,,,
Q80993,software engineering,1124185,4116521-4,sh87007398,005.1,,
Q9161265,soil science,,4007379-8,sh85124376,,300054557,S590-S599.9
Q1080293,solid mechanics,,4129367-8,,531,,
Q1937950,sound design,,7693207-2,,,,
Q2122746,source criticism,,,,,,
Q1195766,space sciences,1127807,4117629-7,sh85125953,629.435,,
Q149013,spatial planning,,4048590-0,,,,
Q1870019,spatial science,,,,,,
Q1595434,special education,,,,,,
Q212105,special education,,4077513-6,sh85046212,371|371.9,300185659,
Q3897665,special pathology,,,,,,
Q49840227,speculative fiction studies,,,,,,
Q105549868,speech physiology,,,,,,
Q2313389,speech science,,4182549-4,,,,
Q18392412,spongiology,,,,,,
Q349,sport,1130432,4056366-2,sh85126887|sh00007735,306.483,300222725,GV561-GV1198.995
Q55714014,sport and health education,,,,,,
Q48519,sport management,,,,,,
Q632190,sport psychology,,,,,,
Q7579398,sports communication,,,,,,
Q840545,sports medicine,,4056405-8,sh85126948,617.102  7,,RC1200-RC1245
Q1298380,sports science,,4056442-3,sh86000064,,,
Q107373802,stage direction for opera,,,,,,
Q12483,statistics,,4056995-0,sh85127580,001.422,300026924,QA276-QA280
Q104996128,steelpan performance,,,,,,
Q7621829,strategic communication,,,,,,
Q376657,strategic management,,4124261-0,,,,
Q2353818,strategic studies,,,,,,
Q633538,structural engineering,,,sh85129198,,300054506,
Q4989013,studie Nederlands recht,,,,,,
Q124624035,studies in cartography,,,,,,
Q7628268,studio art,,,,,,
Q1502849,study of geodesy,,,,,,
Q1066186,study of history,,4020535-6,,901,300054394,
Q739465,study of the Hebrew language,,4159338-8,,492.4|892.4,,
Q17397651,supersonic aerodynamics,,,,,,
Q492886,supply chain management,,4684051-5,sh85018306,658.5|658.7,,
Q756449,supramolecular chemistry,,4306141-2,sh00000385,541.226,,
Q40821,surgery,,4009987-8,sh85130766,617,300137832,
Q816425,surveying,,,sh85130857,333.08,300054691,
Q442321,sustainability science,,,,,,
Q64803113,sustainable energy conversion processes,,,,,,
Q64803273,sustainable energy in buildings and built environment,,,,,,
Q64803586,sustainable energy systems and markets,,,,,,
Q7661192,symbolic systems,,,,,,
Q3510806,symptomatology,,4078106-9,,616.0754,,
Q3643037,systematic botany,,,,580.12,,
Q7663779,systematic musicology,,,,,,
Q942569,systems analyst,,,,003.092,300025822,
Q682496,systems engineering,,4140901-2,sh85131750,620.001171,300054507,
Q1452527,systems psychology,,,,,,
Q335414,tafsir,2016565,4184345-9,sh85072967,,,BP130.4
Q28873643,tailoring,,,,,,
Q856251,tax law,,4116614-0,sh85132851,343,,
Q1964442,taxation,,,sh99005245,,,
Q37226,teacher,1144248,4035088-5|4035097-6,sh85132964,371.1,300025529,
Q352842,teaching,,4241291-2|4317063-8,,370,300069743,
Q350453,teaching methodology,,4123176-4,,,,
Q2860371,technical architecture,,,,,,
Q4456813,technical chemistry,,,,,,
Q1132530,technical communication,,,,,,
Q11016,technology,,4059276-5,sh85133147,405.09,300056069,
Q64800628,technology strand,,,,,,
Q418,telecommunications,1145830,4059360-5,sh85133270,384|621.382,300054355,
Q1061219,telecommunications engineering,,4041066-3,,,,
Q3931801,television direction,,,,791.450233,,
Q1407228,television production,,4127335-7,,,,
Q28595119,television production expert,,,,,,
Q2065951,television studies,,4154055-4,,,,
Q746345,terma,,,,,,
Q1725664,terminology,,4059501-8,sh85134029,401.4|4--014|1--014,,
Q28823,textile,,4135786-3|4059615-1,,677|620.197|687,300231565|300014063,
Q55227852,textile archaeology,,,,,,
Q763631,textile design,,7506104-1,,,,
Q20825773,textile engineering,,4059643-6,,,,
Q275456,textual criticism,883762,4059657-6,sh85034152|sh99005388,801.959,,P47|PA47
Q61959057,theater arts,,,,,,
Q6031015,theater arts education,,,,,,
Q11635,theatre art,1149217,4059702-7,sh85134522,792,300417582,
Q2416230,theatre criticism,,4059714-3,sh85039340,792.015,,
Q120280116,theatre management,,,,,,
Q109568007,theatre performance studies,,,,,,
Q960543,theatre studies,,4185058-0,,,,
Q3387717,theatrical director,,4185053-1|4469908-6,sh85134614,792.0233092,,
Q1336234,theatrical scenic painting,,,,,,
Q108000026,theological languages,,,,,,
Q107508911,theological studies,,,,,,
Q34178,theology,,4059758-1,sh2001008984,230,300054313,
Q321150,theoretical chemistry,,4185098-1,,541.2,,
Q2878974,theoretical computer science,,4196735-5,,004.0151,,
Q7782365,theoretical ecology,,,,,,
Q351625,theoretical linguistics,,,,,300054256,
Q18362,theoretical physics,,4117202-4,,530.1,,
Q7782373,theoretical psychology,,,,,,
Q21698871,theory of machines,,,,,,
Q2419397,therapist,,4194046-5|4405182-7,,,300025598,
Q589646,theriogenology,,,,,,
Q3110778,thracology,,,,,,
Q1898664,tobaccology,,,,,,
Q134435,topography,,4133697-5,sh85136077,910,,
Q42989,topology,1152692,4060425-1,sh85136089,514,,
Q55713991,tourism and hospitality management,,,,,,
Q1350203,tourism geography,,4122150-3,,,,
Q15851294,tourism management,,,,,,
Q976962,tourism studies,,4218983-4,,,,
Q7218,toxicology,,4060538-3,,571.95|615.9,300251568,
Q4461829,tractor driver,,,,,,
Q601401,trade,,4023222-0,sh85028901,381,300061886,
Q200253,traditional Chinese medicine,,,sh85083125,,,
Q1362446,traffic psychology,,,,,,
Q7833793,transatlantic studies,,,,,,
Q7553,translation,1154795,4061418-9,sh85136958,418.02,300069831,P306-P310
Q501778,translation studies,,4438228-5,,,,
Q2449515,transnational history,,,,,,
Q1049976,transplantology,,,,,,
Q114588918,transport management,,,,,,
Q2516517,transport sciences,,4187847-4,,,,
Q775325,transportation engineering,,,sh85137069,,300138818,
Q125197414,transportation safety administration,,,,,,
Q7839940,trial advocacy,,,,,,
Q105279810,trombone performance,,,,,,
Q2982669,tropical geometry,,,,,,
Q1365243,tropical medicine,1157469,4127753-3,sh85138061,,,RC960-RC962
Q105280408,trumpet performance,,,,,,
Q103964477,tuba performance,,,,,,
Q42170949,tungustology,,,,,,
Q1667633,university history,,7504326-9,,,,
Q1569011,urban history,,,,,300054404,
Q69883,urban planning,862177,4056754-0,sh85026282,710,300054427,HT165.5-HT169.9|K3534
Q597680,urban sociology,,,sh85124233,307.76,300054460,
Q105650,urology,,4062158-3,sh85141451,616.6,,
Q27133094,vaccine development,,,,,,
Q48061040,vegetation ecology,,,,,,
Q170201,veterinary medicine,,4078315-7,sh85143046,636.089,300312255,
Q110245063,veterinary science,,,,,,
Q645938,victimology,,4078906-8,,362.88,,
Q131154259,video game composition,,,,,,
Q12996592,video production,,,,,,
Q105279242,viola performance,,,,,,
Q8355,violin,1167350,4019791-8,sh85143544,787.2,300042215,
Q104998197,violin performance,1167365,,sh85143555,,,
Q7215,virology,,4063597-1,sh85143799,579.2,,
Q2746658,visual anthropology,,1028524978,sh93005976,305.80208,,
Q1757598,visual art education,,4033637-2,sh85007505,372.5|707.1,300174155,
Q36649,visual arts,,4114333-4,sh85007461,,300054154,
Q55659935,visual arts and visual communication design,,,,,,
Q1899679,visual communication,,4131112-7,sh85143917,,,
Q64800727,visual communication design,,,,,,
Q105245071,vocal performance,,,,,,
Q4387041,watershed management,1172716,,sh85145748,,,TC413
Q105277236,watershed science,,,,,,
Q386275,web development,,,sh98004795,,,
Q1196135,web engineering,,,,,,
Q579439,web science,,,,,,
Q836328,welder,1173564,4126530-0,sh85146011,671.520  92,300025311,
Q131172,welding,,4053870-9,sh85146012,671.52,300053958,
Q105575936,wildlife resources,1175429,,sh96005596,,,
Q213376,winemaking,,4189467-4,,641.872|663.2,300265204,
Q249,wireless communication,1176209,,sh92006740,,,
Q35069,women's studies,,,,,300194262,
Q1609891,wood processing,,4025684-4,,,,
Q105596644,wood science,,,,,,
Q1504881,wood technology,,,,,,
Q3307703,word processing,,,,,,
Q6457238,world history,,4079158-0,sh85148201,909,,
Q113534285,writing for children and young adults,,,,,,
Q1469726,zoocoenology,,,,,,
Q431,zoology,1184696,4067960-3,sh85149983,590,300054472,
Q2755197,zoomusicology,,,,,,
Q2703919,zymology,,,,,,
Q120829059,études supérieures méridionales,,,,,,
Q117227245,Государственное управление социальной сферой,,,,,,
Q90240997,Зоотехния,,,,,,
Q66005025,Промышленное и гражданское строительство,,,,,,
Q99284887,"Строительство железных дорог, путь и путевое хозяйство",,,,,,
Q116983272,Судебно-прокурорско-следственная деятельность,,,,,,
Q99284744,Управление социальной сферой,,,,,,
Q66816515,Экономика и управление на предприятии,,,,,,
Q90313860,Экономика и управление на предприятиях АПК,,,,,,
Q114806080,Юридическая наука,,,,,,
Q4213801,караимоведение,,,,,,
Q109357455,大阪音楽大学音楽学部音楽学科ミュージッククリエーション専攻,,,,,,
Q10308243,方志学,,,,,,
