cip_id,cip_label,cip_header,cip_category,cip_subclass,cip_level,qid,qid_label,qid_description,P31_qids,P31_labels,P279_qids,P279_labels,P361_qids,P361_labels,P101_qids,P101_labels,P2579_qids,P2579_labels,P921_qids,P921_labels,P527_qids,P527_labels,P2283_qids,P2283_labels,P366_qids,P366_labels,P1889_qids,P1889_labels,P1343_qids,P1343_labels,P1269_qids,P1269_labels,P1268_qids,P1268_labels,P2578_qids,P2578_labels,P228_qids,P228_labels,P155_qids,P155_labels,P156_qids,P156_labels,P170_qids,P170_labels,P176_qids,P176_labels,P178_qids,P178_labels,P138_qids,P138_labels,P2348_qids,P2348_labels,P580_qids,P580_labels,P582_qids,P582_labels,P585_qids,P585_labels,P793_qids,P793_labels,P276_qids,P276_labels,P17_qids,P17_labels,P131_qids,P131_labels,P625_qids,P625_labels,P2043_qids,P2043_labels,P2048_qids,P2048_labels,P2049_qids,P2049_labels,P2054_qids,P2054_labels,P2068_qids,P2068_labels,P2101_qids,P2101_labels,P2102_qids,P2102_labels,P2325_qids,P2325_labels,P2326_qids,P2326_labels,P2327_qids,P2327_labels,P4511_qids,P4511_labels,P4512_qids,P4512_labels,P4513_qids,P4513_labels,P215_qids,P215_labels,P2114_qids,P2114_labels,P2115_qids,P2115_labels,P2120_qids,P2120_labels,P1538_qids,P1538_labels,P1539_qids,P1539_labels,P1540_qids,P1540_labels,P2669_qids,P2669_labels,P1419_qids,P1419_labels,P1880_qids,P1880_labels,node_type,subject_type
01.0000,"Agriculture, General.",01,00,00,2-digit,Q11451,agriculture,cultivation of plants and animals to provide useful products,Q627436,,Q357279,,Q55640,,,,Q173113,,,,,,Q102192,,,,Q29584242,,Q867541,,,,,,,,,,Q2991771,,,,,,,,,,,,,,-8000-01-01T00:00:00Z,,,,,,,,,,,,,,,,,,,,,,,,,,,,,,,,,,,,,,,,,,,,,,,,,,,,,,,,,,,,,,concept_other,
01.0103,Agricultural Economics.,01,01,03,6-digit,Q396340,agricultural economics,applied field of economics that optimizes the production of food and fiber for agricultural development,Q1047113,,Q8134,,Q11451,,,,,,,,,,,,,,,,,,Q11451,,,,,,,,,,,,,,,,,,,,,,,,,,,,,,,,,,,,,,,,,,,,,,,,,,,,,,,,,,,,,,,,,,,,,,,,,,,,,,,,,,,,concept_applied,
01.0201,"Agricultural Mechanization, General.",01,02,01,6-digit,Q1520981,mechanised agriculture,agriculture using powered machinery,,,Q11451,,,,,,,,,,,,,,,,,,Q20078554,,Q11451,,,,,,,,,,,,,,,,,,,,,,,,,,,,,,,,,,,,,,,,,,,,,,,,,,,,,,,,,,,,,,,,,,,,,,,,,,,,,,,,,,,,concept_other,
01.0701,International Agriculture.,01,07,01,6-digit,Q60125178,International Agriculture,scientific article published in Nature,,,,,,,,,,,,,,,,,,,,,,,,,,,,,,,,,,,,,,,,,,,,,,,,,,,,,,,,,,,,,,,,,,,,,,,,,,,,,,,,,,,,,,,,,,,,,,,,,,,,,,,,,,,concept_other,
01.0802,Agricultural Communication/Journalism.,01,08,02,6-digit,Q4693953,agricultural communication,spreading info about agriculture,Q11862829,,,,,,,,,,,,,,,,,,,,,,Q11451,,,,,,,,,,,,,,,,,,,,,,,,,,,,,,,,,,,,,,,,,,,,,,,,,,,,,,,,,,,,,,,,,,,,,,,,,,,,,,,,,,,,concept_other,
01.0903,Animal Health.,01,09,03,6-digit,Q64812946,animal health,"field of health care, nursing and advice on the health and welfare of farm, companion and aquatic animals",Q11862829,,Q168091,,,,,,,,,,,,,,,,,,,,,,,,,,,,,,,,,,,,,,,,,,,,,,,,,,,,,,,,,,,,,,,,,,,,,,,,,,,,,,,,,,,,,,,,,,,,,,,,,,,,,,,,concept_other,
01.1001,Food Science.,01,10,01,6-digit,Q1637030,food science,applied science devoted to the study of food,Q28797,,Q336,,Q420,,,,,,,,,,,,,,,,,,,,,,Q2095,,,,,,,,,,,,,,,,,,,,,,,,,,,,,,,,,,,,,,,,,,,,,,,,,,,,,,,,,,,,,,,,,,,,,,,,,,,,,,,,concept_applied,
01.1101,"Plant Sciences, General.",01,11,01,6-digit,Q441,botany,science of plant life,Q1047113,,Q420,,,,,,,,,,Q272737,,,,,,,,Q106727050,,Q420,,,,Q756,,,,,,,,,,,,,,,,,,,,,,,,,,,,,,,,,,,,,,,,,,,,,,,,,,,,,,,,,,,,,,,,,,,,,,,,,,,,,,,,concept_other,
01.1203,Soil Microbiology.,01,12,03,6-digit,Q7554937,soil microbiology,microbiology of soils,,,Q7193,,,,,,,,,,,,,,,,,,,,,,,,,,,,,,,,,,,,,,,,,,,,,,,,,,,,,,,,,,,,,,,,,,,,,,,,,,,,,,,,,,,,,,,,,,,,,,,,,,,,,,,,concept_other,
03.0204,Natural Resource Economics.,03,02,04,6-digit,Q56557294,resource economics,interactions between economic and natural systems,Q29028649,,,,Q8134,,,,,,,,,,,,,,,,,,,,,,,,,,,,,,,,,,,,,,,,,,,,,,,,,,,,,,,,,,,,,,,,,,,,,,,,,,,,,,,,,,,,,,,,,,,,,,,,,,,,,,concept_other,
03.0501,"Forestry, General.",03,05,01,6-digit,Q38112,forestry,"science and craft of creating, managing, using, conserving and repairing forests, woodlands, and associated resources for human and environmental benefits",Q268592,,Q11023,,Q1801887,,,,,,,,Q720362,,,,,,Q19924411,,Q20078554,,,,,,,,,,,,,,,,,,,,,,,,,,,,,,,,,,,,,,,,,,,,,,,,,,,,,,,,,,,,,,,,,,,,,,,,,,,,,,,,,,,,,,concept_other,
03.0506,Forest Management/Forest Resources Management.,03,05,06,6-digit,Q372561,forest management,branch of forestry,Q11862829,,Q720362,,Q38112,,,,,,,,,,,,,,,,Q20078554,,,,,,,,,,,,,,,,,,,,,,,,,,,,,,,,,,,,,,,,,,,,,,,,,,,,,,,,,,,,,,,,,,,,,,,,,,,,,,,,,,,,,,concept_applied,
03.0508,Urban Forestry.,03,05,08,6-digit,Q822620,urban forestry,land use management system in which trees or shrubs are cared or protected for well-being,,,Q38112,,,,,,,,,,,,,,,,,,,,,,,,Q109453857,,,,,,,,,,,,,,,,,,,,,,,,,,,,,,,,,,,,,,,,,,,,,,,,,,,,,,,,,,,,,,,,,,,,,,,,,,,,,,,,concept_applied,
04.0401,Environmental Design/Architecture.,04,04,01,6-digit,Q16000091,environmental design,"process of addressing surrounding environmental parameters when devising plans, programs, policies, buildings, or products",Q11862829,,,,Q188847,,,,,,,,,,,,,,Q114436249,,,,,,,,,,,,,,,,,,,,,,,,,,,,,,,,,,,,,,,,,,,,,,,,,,,,,,,,,,,,,,,,,,,,,,,,,,,,,,,,,,,,,,,,concept_other,
04.0501,Interior Architecture.,04,05,01,6-digit,Q1329946,interior architecture,"design of a building or shelter from inside out, or the design of a new interior for a type of home that can be fixed",Q11862829,,,,,,,,,,,,,,,,,,,,,,,,,,Q1299240,,,,,,,,,,,,,,,,,,,,,,,,,,,,,,,,,,,,,,,,,,,,,,,,,,,,,,,,,,,,,,,,,,,,,,,,,,,,,,,,concept_other,
04.0901,Architectural Technology/Technician.,04,09,01,6-digit,Q4787070,architectural technology,application of technology to the design of buildings,Q11862829,,Q11016,,,,,,,,,,,,,,,,Q811936,,,,Q385378,,,,,,,,,,,,,,,,,,,,,,,,,,,,,,,,,,,,,,,,,,,,,,,,,,,,,,,,,,,,,,,,,,,,,,,,,,,,,,,,,,,,concept_applied,
05.0123,Chinese Studies.,05,01,23,6-digit,Q269915,sinology,"study of the Chinese and especially their language, literature, history, and culture",Q11862829,,Q162817,,Q476294,,,,,,,,,,,,,,Q5646725,,Q3181656,,,,,,Q7850,,,,,,,,,,,,,,,,,,,,,,,,,,,,,,,,,,,,,,,,,,,,,,,,,,,,,,,,,,,,,,,,,,,,,,,,,,,,,,,,concept_other,
09.0101,Communication Studies/Speech Communication and Rhetoric.,09,01,01,6-digit,Q65007508,communication,academic major,Q4671286,,,,,,,,,,Q11024,,,,,,,,,,,,,,,,,,,,,,,,,,,,,,,,,,,,,,,,,,,,,,,,,,,,,,,,,,,,,,,,,,,,,,,,,,,,,,,,,,,,,,,,,,,,,,,,concept_other,
09.0102,Mass Communication/Media Studies.,09,01,02,6-digit,Q853710,mass communication,mass media information exchange,Q11862829,,Q11024,,,,,,Q187084,,,,,,,,,,,,,,,,,,,,,,,,,,,,,,,,,,,,,,,,,,,,,,,,,,,,,,,,,,,,,,,,,,,,,,,,,,,,,,,,,,,,,,,,,,,,,,,,,,concept_other,
09.0701,Radio and Television.,09,07,01,6-digit,Q80959271,radio and television,,Q11862829,,,,,,,,,,,,,,,,,,,,,,,,,,,,,,,,,,,,,,,,,,,,,,,,,,,,,,,,,,,,,,,,,,,,,,,,,,,,,,,,,,,,,,,,,,,,,,,,,,,,,,,,,,concept_other,
09.0904,Political Communication.,09,09,04,6-digit,Q1660049,political communication,subfield of communication and political science,Q11862829,,Q7163,,,,,,Q36442,,,,,,,,,,,,,,Q847301,,,,,,,,,,,,,,,,,,,,,,,,,,,,,,,,,,,,,,,,,,,,,,,,,,,,,,,,,,,,,,,,,,,,,,,,,,,,,,,,,,,,concept_other,
10.0105,Communications Technology/Technician.,10,01,05,6-digit,Q1780543,communication technology,collective term for technologies for the technically-based communications,,,Q11016,,Q113208648,,,,Q1061219,,,,Q104534,,,,Q11024,,,,,,,,,,,,,,,,,,,,,,,,,,,,,,,,,,,,,,,,,,,,,,,,,,,,,,,,,,,,,,,,,,,,,,,,,,,,,,,,,,,,,,,,,,concept_applied,
11.0103,Information Technology.,11,01,03,6-digit,Q11661,information technology,"development, management, and use of computer-based information systems",Q2465832,,Q5268834,,Q5268834,,,,Q4027615,,,,,,,,,,Q4027615,,,,,,,,,,,,,,,,,,,,,,,,,,,,,,,,,,,,,,,,,,,,,,,,,,,,,,,,,,,,,,,,,,,,,,,,,,,,,,,,,,,,,,,,concept_applied,
12.0503,Culinary Arts/Chef Training.,12,05,03,6-digit,Q64811480,culinary arts,,Q11862829,,,,,,,,,,,,,,,,,,,,,,,,,,,,,,,,,,,,,,,,,,,,,,,,,,,,,,,,,,,,,,,,,,,,,,,,,,,,,,,,,,,,,,,,,,,,,,,,,,,,,,,,,,concept_other,
12.0509,Culinary Science/Culinology.,12,05,09,6-digit,Q1637030,food science,applied science devoted to the study of food,Q28797,,Q336,,Q420,,,,,,,,,,,,,,,,,,,,,,Q2095,,,,,,,,,,,,,,,,,,,,,,,,,,,,,,,,,,,,,,,,,,,,,,,,,,,,,,,,,,,,,,,,,,,,,,,,,,,,,,,,concept_applied,
13.0101,"Education, General.",13,01,01,6-digit,Q8434,education,transmission of knowledge and skills,Q130303173,,Q7406919,,,,,,Q7922,,,,Q61788126,,,,,,Q5340858,,Q135913667,,Q2120372,,,,,,,,,,,,,,,,,,,,,,,,,,,,,,,,,,,,,,,,,,,,,,,,,,,,,,,,,,,,,,,,,,,,,,,,,,,,,,,,,,,,concept_other,
13.0202,Multicultural Education.,13,02,02,6-digit,Q3719890,multicultural education,set of educational strategies,Q11862829,,Q22952179,,,,,,,,,,,,,,,,,,,,,,,,,,,,,,,,,,,,,,,,,,,,,,,,,,,,,,,,,,,,,,,,,,,,,,,,,,,,,,,,,,,,,,,,,,,,,,,,,,,,,,,,concept_other,
13.0406,Higher Education/Higher Education Administration.,13,04,06,6-digit,Q136822,higher education,"academic tertiary education, such as from colleges and universities",Q18189,,Q9166713,,Q446760,,,,,,,,Q42240,,,,,,,,Q2657718,,,,,,,,,,Q13006147,,,,,,,,,,,,,,,,,,,,,,,,,,,,,,,,,,,,,,,,,,,,,,,,,,,,,,,,,,,,,,,,,,,,,,,,,,,,concept_other,
13.1003,Education/Teaching of Individuals with Hearing Impairments Including Deafness.,13,10,03,6-digit,Q8434,education,transmission of knowledge and skills,Q130303173,,Q7406919,,,,,,Q7922,,,,Q61788126,,,,,,Q5340858,,Q135913667,,Q2120372,,,,,,,,,,,,,,,,,,,,,,,,,,,,,,,,,,,,,,,,,,,,,,,,,,,,,,,,,,,,,,,,,,,,,,,,,,,,,,,,,,,,concept_other,
13.1004,Education/Teaching of the Gifted and Talented.,13,10,04,6-digit,Q8434,education,transmission of knowledge and skills,Q130303173,,Q7406919,,,,,,Q7922,,,,Q61788126,,,,,,Q5340858,,Q135913667,,Q2120372,,,,,,,,,,,,,,,,,,,,,,,,,,,,,,,,,,,,,,,,,,,,,,,,,,,,,,,,,,,,,,,,,,,,,,,,,,,,,,,,,,,,concept_other,
13.1005,Education/Teaching of Individuals with Emotional Disturbances.,13,10,05,6-digit,Q8434,education,transmission of knowledge and skills,Q130303173,,Q7406919,,,,,,Q7922,,,,Q61788126,,,,,,Q5340858,,Q135913667,,Q2120372,,,,,,,,,,,,,,,,,,,,,,,,,,,,,,,,,,,,,,,,,,,,,,,,,,,,,,,,,,,,,,,,,,,,,,,,,,,,,,,,,,,,concept_other,
13.1006,Education/Teaching of Individuals with Mental Retardation.,13,10,06,6-digit,Q8434,education,transmission of knowledge and skills,Q130303173,,Q7406919,,,,,,Q7922,,,,Q61788126,,,,,,Q5340858,,Q135913667,,Q2120372,,,,,,,,,,,,,,,,,,,,,,,,,,,,,,,,,,,,,,,,,,,,,,,,,,,,,,,,,,,,,,,,,,,,,,,,,,,,,,,,,,,,concept_other,
13.1007,Education/Teaching of Individuals with Multiple Disabilities.,13,10,07,6-digit,Q8434,education,transmission of knowledge and skills,Q130303173,,Q7406919,,,,,,Q7922,,,,Q61788126,,,,,,Q5340858,,Q135913667,,Q2120372,,,,,,,,,,,,,,,,,,,,,,,,,,,,,,,,,,,,,,,,,,,,,,,,,,,,,,,,,,,,,,,,,,,,,,,,,,,,,,,,,,,,concept_other,
13.1008,Education/Teaching of Individuals with Orthopedic and Other Physical Health Impairments.,13,10,08,6-digit,Q8434,education,transmission of knowledge and skills,Q130303173,,Q7406919,,,,,,Q7922,,,,Q61788126,,,,,,Q5340858,,Q135913667,,Q2120372,,,,,,,,,,,,,,,,,,,,,,,,,,,,,,,,,,,,,,,,,,,,,,,,,,,,,,,,,,,,,,,,,,,,,,,,,,,,,,,,,,,,concept_other,
13.1009,Education/Teaching of Individuals with Vision Impairments Including Blindness.,13,10,09,6-digit,Q8434,education,transmission of knowledge and skills,Q130303173,,Q7406919,,,,,,Q7922,,,,Q61788126,,,,,,Q5340858,,Q135913667,,Q2120372,,,,,,,,,,,,,,,,,,,,,,,,,,,,,,,,,,,,,,,,,,,,,,,,,,,,,,,,,,,,,,,,,,,,,,,,,,,,,,,,,,,,concept_other,
13.1011,Education/Teaching of Individuals with Specific Learning Disabilities.,13,10,11,6-digit,Q8434,education,transmission of knowledge and skills,Q130303173,,Q7406919,,,,,,Q7922,,,,Q61788126,,,,,,Q5340858,,Q135913667,,Q2120372,,,,,,,,,,,,,,,,,,,,,,,,,,,,,,,,,,,,,,,,,,,,,,,,,,,,,,,,,,,,,,,,,,,,,,,,,,,,,,,,,,,,concept_other,
13.1012,Education/Teaching of Individuals with Speech or Language Impairments.,13,10,12,6-digit,Q8434,education,transmission of knowledge and skills,Q130303173,,Q7406919,,,,,,Q7922,,,,Q61788126,,,,,,Q5340858,,Q135913667,,Q2120372,,,,,,,,,,,,,,,,,,,,,,,,,,,,,,,,,,,,,,,,,,,,,,,,,,,,,,,,,,,,,,,,,,,,,,,,,,,,,,,,,,,,concept_other,
13.1013,Education/Teaching of Individuals with Autism.,13,10,13,6-digit,Q8434,education,transmission of knowledge and skills,Q130303173,,Q7406919,,,,,,Q7922,,,,Q61788126,,,,,,Q5340858,,Q135913667,,Q2120372,,,,,,,,,,,,,,,,,,,,,,,,,,,,,,,,,,,,,,,,,,,,,,,,,,,,,,,,,,,,,,,,,,,,,,,,,,,,,,,,,,,,concept_other,
13.1014,Education/Teaching of Individuals Who are Developmentally Delayed.,13,10,14,6-digit,Q8434,education,transmission of knowledge and skills,Q130303173,,Q7406919,,,,,,Q7922,,,,Q61788126,,,,,,Q5340858,,Q135913667,,Q2120372,,,,,,,,,,,,,,,,,,,,,,,,,,,,,,,,,,,,,,,,,,,,,,,,,,,,,,,,,,,,,,,,,,,,,,,,,,,,,,,,,,,,concept_other,
13.1015,Education/Teaching of Individuals in Early Childhood Special Education Programs.,13,10,15,6-digit,Q8434,education,transmission of knowledge and skills,Q130303173,,Q7406919,,,,,,Q7922,,,,Q61788126,,,,,,Q5340858,,Q135913667,,Q2120372,,,,,,,,,,,,,,,,,,,,,,,,,,,,,,,,,,,,,,,,,,,,,,,,,,,,,,,,,,,,,,,,,,,,,,,,,,,,,,,,,,,,concept_other,
13.1016,Education/Teaching of Individuals with Traumatic Brain Injuries.,13,10,16,6-digit,Q8434,education,transmission of knowledge and skills,Q130303173,,Q7406919,,,,,,Q7922,,,,Q61788126,,,,,,Q5340858,,Q135913667,,Q2120372,,,,,,,,,,,,,,,,,,,,,,,,,,,,,,,,,,,,,,,,,,,,,,,,,,,,,,,,,,,,,,,,,,,,,,,,,,,,,,,,,,,,concept_other,
13.1017,Education/Teaching of Individuals in Elementary Special Education Programs.,13,10,17,6-digit,Q8434,education,transmission of knowledge and skills,Q130303173,,Q7406919,,,,,,Q7922,,,,Q61788126,,,,,,Q5340858,,Q135913667,,Q2120372,,,,,,,,,,,,,,,,,,,,,,,,,,,,,,,,,,,,,,,,,,,,,,,,,,,,,,,,,,,,,,,,,,,,,,,,,,,,,,,,,,,,concept_other,
13.1018,Education/Teaching of Individuals in Junior High/Middle School Special Education Programs.,13,10,18,6-digit,Q8434,education,transmission of knowledge and skills,Q130303173,,Q7406919,,,,,,Q7922,,,,Q61788126,,,,,,Q5340858,,Q135913667,,Q2120372,,,,,,,,,,,,,,,,,,,,,,,,,,,,,,,,,,,,,,,,,,,,,,,,,,,,,,,,,,,,,,,,,,,,,,,,,,,,,,,,,,,,concept_other,
13.1019,Education/Teaching of Individuals in Secondary Special Education Programs.,13,10,19,6-digit,Q8434,education,transmission of knowledge and skills,Q130303173,,Q7406919,,,,,,Q7922,,,,Q61788126,,,,,,Q5340858,,Q135913667,,Q2120372,,,,,,,,,,,,,,,,,,,,,,,,,,,,,,,,,,,,,,,,,,,,,,,,,,,,,,,,,,,,,,,,,,,,,,,,,,,,,,,,,,,,concept_other,
13.1101,Counselor Education/School Counseling and Guidance Services.,13,11,01,6-digit,Q5176625,Counselor education,,,,,,,,,,,,,,,,,,,,,,,,,,,,,,,,,,,,,,,,,,,,,,,,,,,,,,,,,,,,,,,,,,,,,,,,,,,,,,,,,,,,,,,,,,,,,,,,,,,,,,,,,,,,concept_other,
13.1206,"Teacher Education, Multiple Levels.",13,12,06,6-digit,Q1374230,teacher education,training for prospective or practising teachers to develop skills and knowledge to teach effectively,Q11862829,,Q828812,,,,,,,,,,,,,,,,,,Q123625363,,,,,,,,,,,,,,,,,,,,,,,,,,,,,,,,,,,,,,,,,,,,,,,,,,,,,,,,,,,,,,,,,,,,,,,,,,,,,,,,,,,,,,concept_other,
13.1309,Technology Teacher Education/Industrial Arts Teacher Education.,13,13,09,6-digit,Q132602172,Technology Teacher Education Programs In Colleges Of Engineering And Technology: A Strategic Link With K 12 Education,scientific article published on 03 September 2020,,,,,,,,,,,,,,,,,,,,,,,,,,,,,,,,,,,,,,,,,,,,,,,,,,,,,,,,,,,,,,,,,,,,,,,,,,,,,,,,,,,,,,,,,,,,,,,,,,,,,,,,,,,concept_applied,
13.1319,Technical Teacher Education.,13,13,19,6-digit,Q120264271,technical teacher education,teacher education for technical teachers,,,Q1374230,,,,,,,,,,,,,,,,,,,,,,,,,,,,,,,,,,,,,,,,,,,,,,,,,,,,,,,,,,,,,,,,,,,,,,,,,,,,,,,,,,,,,,,,,,,,,,,,,,,,,,,,concept_other,
13.1338,Environmental Education.,13,13,38,6-digit,Q948732,environmental education,branch of pedagogy,Q1047113,,Q7922,,,,,,,,Q832237,,,,,,,,,,Q103892210,,,,,,,,,,,,,,,,,,,,,,,,,,,,,,,,,,,,,,,,,,,,,,,,,,,,,,,,,,,,,,,,,,,,,,,,,,,,,,,,,,,,,,concept_other,
13.1401,Teaching English as a Second or Foreign Language/ESL Language Instructor.,13,14,01,6-digit,Q7691272,teaching English as a second or foreign language,teaching of English to students whose first language is not English,Q11862829,,Q1455196,,,,,,,,,,,,,,,,,,,,Q131147241,,,,,,,,,,,,,,,,,,,,,,,,,,,,,,,,,,,,,,,,,,,,,,,,,,,,,,,,,,,,,,,,,,,,,,,,,,,,,,,,,,,,concept_other,
14.0101,"Engineering, General.",14,01,01,6-digit,Q11023,engineering,type of applied science,Q627436,,Q28797,,Q1881523,,,,Q108375738,,,,,,Q413,,,,,,Q867541,,,,,,Q11016,,,,,,,,,,,,,,,,,,,,,,,,,,,,,,,,,,,,,,,,,,,,,,,,,,,,,,,,,,,,,,,,,,,,,,,,,,,,,,,,concept_applied,
14.0401,Architectural Engineering.,14,04,01,6-digit,Q150737,architectural engineering,application of engineering principles and technology to building design and construction,Q268592,,Q12271,,Q11023,,,,,,,,Q1924856,,,,,,Q12271,,,,,,,,,,,,,,,,,,,,,,,,,,,,,,,,,,,,,,,,,,,,,,,,,,,,,,,,,,,,,,,,,,,,,,,,,,,,,,,,,,,,,,,,concept_applied,
14.0501,Biomedical/Medical Engineering.,14,05,01,6-digit,Q864601,biomedicine,branch of medical science that applies biological and physiological principles to clinical practice,Q4671286,,Q420,,,,,,,,,,,,,,,,,,,,,,,,,,,,,,,,,,,,,,,,,,,,,,,,,,,,,,,,,,,,,,,,,,,,,,,,,,,,,,,,,,,,,,,,,,,,,,,,,,,,,,,,concept_applied,
14.0801,"Civil Engineering, General.",14,08,01,6-digit,Q77590,civil engineering,"engineering discipline specializing in design, construction and maintenance of the built environment",Q2267705,,Q136580777,,,,,,Q106372013,,,,Q2674423,,,,,,Q5638464,,,,,,,,,,,,,,,,,,,,,,,,,,,,,,,,,,,,,,,,,,,,,,,,,,,,,,,,,,,,,,,,,,,,,,,,,,,,,,,,,,,,,,,,concept_other,
14.0802,Geotechnical Engineering.,14,08,02,6-digit,Q1349130,geotechnical engineering,scientific study of earth materials in engineering problems; branch of civil engineering concerned with the engineering behavior of earth materials,Q592230,,Q2674423,,Q77590,,,,,,,,,,,,,,Q12539010,,,,,,,,,,,,,,,,,,,,,,,,,,,,,,,,,,,,,,,,,,,,,,,,,,,,,,,,,,,,,,,,,,,,,,,,,,,,,,,,,,,,,,,,concept_other,
14.0803,Structural Engineering.,14,08,03,6-digit,Q633538,structural engineering,a sub-discipline of civil engineering dealing with the design and analysis of load-bearing structures,Q627436,,,,Q77590,,,,,,,,,,,,Q6671777,,Q77590,,,,,,,,,,,,,,,,,,,,,,,,,,,,,,,,,,,,,,,,,,,,,,,,,,,,,,,,,,,,,,,,,,,,,,,,,,,,,,,,,,,,,,,,concept_other,
14.1004,Telecommunications Engineering.,14,10,04,6-digit,Q1061219,telecommunications engineering,"subfield of electrical engineering that deals with the recording, transmission, processing and storage of communication",Q4671286,,Q43035,,Q11023,,,,,,,,,,,,,,,,,,,,,,Q1780543,,,,,,,,,,,,,,,,,,,,,,,,,,,,,,,,,,,,,,,,,,,,,,,,,,,,,,,,,,,,,,,,,,,,,,,,,,,,,,,,concept_other,
14.1201,Engineering Physics.,14,12,01,6-digit,Q770766,engineering physics,"study of the combined disciplines of physics, mathematics and combined with engineering studies in computer, electrical, materials or mechanical engineering",Q12015335,,Q11023,,,,,,,,,,,,,,,,,,,,,,,,,,,,,,,,,,,,,,,,,,,,,,,,,,,,,,,,,,,,,,,,,,,,,,,,,,,,,,,,,,,,,,,,,,,,,,,,,,,,,,,,concept_other,
14.1301,Engineering Science.,14,13,01,6-digit,Q770766,engineering physics,"study of the combined disciplines of physics, mathematics and combined with engineering studies in computer, electrical, materials or mechanical engineering",Q12015335,,Q11023,,,,,,,,,,,,,,,,,,,,,,,,,,,,,,,,,,,,,,,,,,,,,,,,,,,,,,,,,,,,,,,,,,,,,,,,,,,,,,,,,,,,,,,,,,,,,,,,,,,,,,,,concept_other,
14.1901,Mechanical Engineering.,14,19,01,6-digit,Q101333,mechanical engineering,type of engineering discipline (not the studies),Q12015335,,Q11023,,,,,,Q2358766,,,,,,,,,,Q77590,,Q2657718,,,,,,,,,,,,,,,,,,,,,,,,,,,,,,,,,,,,,,,,,,,,,,,,,,,,,,,,,,,,,,,,,,,,,,,,,,,,,,,,,,,,,,concept_other,
14.2001,Metallurgical Engineering.,14,20,01,6-digit,Q11467,metallurgy,domain of materials science that studies the physical and chemical behavior of metals,Q2465832,,Q228736,,,,,,Q136918332,,,,,,,,,,Q11777633,,Q602358,,,,,,,,,,,,,,,,,,,,,,,,,,,,,,,,,,,,,,,,,,,,,,,,,,,,,,,,,,,,,,,,,,,,,,,,,,,,,,,,,,,,,,concept_other,
14.2201,Naval Architecture and Marine Engineering.,14,22,01,6-digit,Q101910631,naval architecture and marine engineering,engineering discipline,Q11862829,,Q118291,,,,,,,,,,,,,,,,,,,,,,,,,,,,,,,,,,,,,,,,,,,,,,,,,,,,,,,,,,,,,,,,,,,,,,,,,,,,,,,,,,,,,,,,,,,,,,,,,,,,,,,,concept_other,
14.2301,Nuclear Engineering.,14,23,01,6-digit,Q83504,nuclear engineering,applied science,Q28797,,Q11023,,,,,,,,,,,,,,,,,,Q123625363,,,,,,,,,,,,,,,,,,,,,,,,,,,,,,,,,,,,,,,,,,,,,,,,,,,,,,,,,,,,,,,,,,,,,,,,,,,,,,,,,,,,,,concept_applied,
14.2401,Ocean Engineering.,14,24,01,6-digit,Q26229359,ocean engineering,engineering of devices within the ocean environment,Q11862829,,,,,,,,,,,,,,,,,,,,,,,,,,,,,,,,,,,,,,,,,,,,,,,,,,,,,,,,,,,,,,,,,,,,,,,,,,,,,,,,,,,,,,,,,,,,,,,,,,,,,,,,,,concept_other,
14.2501,Petroleum Engineering.,14,25,01,6-digit,Q1273174,petroleum engineering,"field of engineering concerned with the activities related to the production of hydrocarbons, which can be either crude oil or natural gas",Q1047113,,,,Q3353193,,,,,,,,,,,,,,,,,,,,,,,,,,,,,,,,,,,,,,,,,,,,,,,,,,,,,,,,,,,,,,,,,,,,,,,,,,,,,,,,,,,,,,,,,,,,,,,,,,,,,,concept_applied,
14.2701,Systems Engineering.,14,27,01,6-digit,Q682496,systems engineering,interdisciplinary field of engineering and engineering management that focuses on how to design and manage complex systems over their life cycles,Q11016,,Q11023,,,,,,,,,,,,,,,,,,,,Q730920,,,,Q994895,,,,,,,,,,,,,,,,,,,,,,,,,,,,,,,,,,,,,,,,,,,,,,,,,,,,,,,,,,,,,,,,,,,,,,,,,,,,,,,,concept_applied,
14.3401,Forest Engineering.,14,34,01,6-digit,Q6083293,forest engineering,subclass of engineering,Q1047113,,Q11023,,,,,,,,,,,,,,,,,,,,,,,,,,,,,,,,,,,,,,,,,,,,,,,,,,,,,,,,,,,,,,,,,,,,,,,,,,,,,,,,,,,,,,,,,,,,,,,,,,,,,,,,concept_other,
14.3501,Industrial Engineering.,14,35,01,6-digit,Q4489420,industrial engineering,branch of engineering which deals with the optimization of complex processes or systems,Q268592,,Q6027873,,,,,,,,,,,,,,,,,,,,,,,,,,,,,,,,,,,,,,,,,,,,,,,,,,,,,,,,,,,,,,,,,,,,,,,,,,,,,,,,,,,,,,,,,,,,,,,,,,,,,,,,concept_other,
14.3601,Manufacturing Engineering.,14,36,01,6-digit,Q11049265,manufacturing engineering,"discipline of engineering dealing with various manufacturing sciences and practices including the research, design and development of systems, processes, machines, tools, and equipment",Q4671286,,Q2144042,,,,,,,,,,,,,,,,Q353396,,,,,,,,,,,,,,,,,,,,,,,,,,,,,,,,,,,,,,,,,,,,,,,,,,,,,,,,,,,,,,,,,,,,,,,,,,,,,,,,,,,,,,,,concept_applied,
14.3701,Operations Research.,14,37,01,6-digit,Q194292,operations research,discipline that deals with the application of advanced analytical methods to help make better decisions,Q11862829,,Q2167061,,,,,,,,,,,,,,,,,,,,,,,,,,,,,,,,,,,,,,,,,,,,,,,,,,,,,,,,,,,,,,,,,,,,,,,,,,,,,,,,,,,,,,,,,,,,,,,,,,,,,,,,concept_applied,
14.3901,Geological/Geophysical Engineering.,14,39,01,6-digit,Q736917,geological formation,body of rock identified by lithic characteristics and stratigraphic position; it is usually but not necessarily tabular and is mappable at the Earth's surface or traceable in the subsurface. Smaller than a subgroup,,,Q3550897,,Q11755860,,,,,,Q134783,,Q2092603,,,,,,Q631305,,Q19219752,,,,,,,,,,,,,,,,,,,,,,,,,,,,,,,,,,,,,,,,,,,,,,,,,,,,,,,,,,,,,,,,,,,,,,,,,,,,,,,,,,,,,,concept_other,
14.4101,Electromechanical Engineering.,14,41,01,6-digit,Q12176496,electromechanical engineering,branch of engineering,Q12015335,,Q11023,,,,,,,,,,,,,,,,,,,,,,,,,,,,,,,,,,,,,,,,,,,,,,,,,,,,,,,,,,,,,,,,,,,,,,,,,,,,,,,,,,,,,,,,,,,,,,,,,,,,,,,,concept_other,
14.4201,"Mechatronics, Robotics, and Automation Engineering.",14,42,01,6-digit,Q180165,mechatronics,combination of electronics and mechanics,Q2465832,,Q11016,,,,,,,,,,,,,,,,,,,,,,,,,,,,,,,,,,,,,,,,,,,,,,,,,,,,,,,,,,,,,,,,,,,,,,,,,,,,,,,,,,,,,,,,,,,,,,,,,,,,,,,,concept_other,
14.4301,Biochemical Engineering.,14,43,01,6-digit,Q2487696,biochemical engineering,interdisciplinary field that applies biological and engineering principles to develop and manufacture products using biological systems,Q12015335,,Q217577,,Q7094,,,,,,,,,,,,,,,,,,,,,,,,,,,,,,,,,,,,,,,,,,,,,,,,,,,,,,,,,,,,,,,,,,,,,,,,,,,,,,,,,,,,,,,,,,,,,,,,,,,,,,concept_other,
15.0401,Biomedical Technology/Technician.,15,04,01,6-digit,Q4086911,biomedical technology,,,,Q11016,,,,,,,,,,,,,,,,,,,,,,,,,,,,,,,,,,,,,,,,,,,,,,,,,,,,,,,,,,,,,,,,,,,,,,,,,,,,,,,,,,,,,,,,,,,,,,,,,,,,,,,,concept_applied,
15.0505,Solar Energy Technology/Technician.,15,05,05,6-digit,Q1641351,solar energy technology,Describes the utilization of the solar radiation of the sun by means of technical tools and equipment,,,Q11016,,,,,,,,,,,,,,Q1483757,,,,,,,,,,,,,,,,,,,,,,,,,,,,,,,,,,,,,,,,,,,,,,,,,,,,,,,,,,,,,,,,,,,,,,,,,,,,,,,,,,,,,,,,,,concept_applied,
15.0612,Industrial Technology/Technician.,15,06,12,6-digit,Q10952243,industrial technology,use of technology to increase the efficiency of production,Q112057532,,Q11016,,,,,,,,,,,,,,,,,,,,,,,,,,,,,,,,,,,,,,,,,,,,,,,,,,,,,,,,,,,,,,,,,,,,,,,,,,,,,,,,,,,,,,,,,,,,,,,,,,,,,,,,concept_applied,
15.0613,Manufacturing Technology/Technician.,15,06,13,6-digit,Q115154784,manufacturing technology,technology used in the production of goods,,,Q11016,,Q11049265,,,,,,,,,,,,,,,,,,,,,,,,,,,,,,,,,,,,,,,,,,,,,,,,,,,,,,,,,,,,,,,,,,,,,,,,,,,,,,,,,,,,,,,,,,,,,,,,,,,,,,concept_applied,
15.0805,Mechanical Engineering/Mechanical Technology/Technician.,15,08,05,6-digit,Q101333,mechanical engineering,type of engineering discipline (not the studies),Q12015335,,Q11023,,,,,,Q2358766,,,,,,,,,,Q77590,,Q2657718,,,,,,,,,,,,,,,,,,,,,,,,,,,,,,,,,,,,,,,,,,,,,,,,,,,,,,,,,,,,,,,,,,,,,,,,,,,,,,,,,,,,,,concept_other,
15.0901,Mining Technology/Technician.,15,09,01,6-digit,Q15905645,mining technology,industrial technology of mining,Q112057532,,Q44497,,,,,,,,,,,,,,,,,,,,,,,,,,,,,,,,,,,,,,,,,,,,,,,,,,,,,,,,,,,,,,,,,,,,,,,,,,,,,,,,,,,,,,,,,,,,,,,,,,,,,,,,concept_applied,
15.1501,Engineering/Industrial Management.,15,15,01,6-digit,Q11023,engineering,type of applied science,Q627436,,Q28797,,Q1881523,,,,Q108375738,,,,,,Q413,,,,,,Q867541,,,,,,Q11016,,,,,,,,,,,,,,,,,,,,,,,,,,,,,,,,,,,,,,,,,,,,,,,,,,,,,,,,,,,,,,,,,,,,,,,,,,,,,,,,concept_applied,
15.1502,Engineering Design.,15,15,02,6-digit,Q5638464,design engineering,area of engineering and economic branch focused on the planning of technical systems,,,Q11023,,,,,,,,,,,,,,,,Q77590,,,,,,,,,,,,,,,,,,,,,,,,,,,,,,,,,,,,,,,,,,,,,,,,,,,,,,,,,,,,,,,,,,,,,,,,,,,,,,,,,,,,,,,,concept_other,
15.1601,Nanotechnology.,15,16,01,6-digit,Q11468,nanotechnology,field of applied science whose theme is the control of matter on atomic and (supra)molecular scale,Q268592,,Q11016,,,,,,,,,,,,,,,,Q912169,,Q101314624,,,,,,Q967847,,,,,,,,,,,,,,Q154357,,,,,,,,,,,,,,,,,,,,,,,,,,,,,,,,,,,,,,,,,,,,,,,,,,,,,,,,,,,,,,,,,,concept_applied,
16.0102,Linguistics.,16,01,02,6-digit,Q8162,linguistics,scientific study of language,Q1047113,,Q80083,,Q6486703,,,,,,,,Q181839,,,,,,Q64810203,,Q602358,,,,,,Q33384,,,,,,,,,,,,,,,,,,,,,,,,,,,,,,,,,,,,,,,,,,,,,,,,,,,,,,,,,,,,,,,,,,,,,,,,,,,,,,,,concept_other,
16.0201,"African Languages, Literatures, and Linguistics.",16,02,01,6-digit,Q207930,languages of Africa,languages of a geographic region,Q11862829,,Q13192321,,Q149416,,,,,,,,,,,,,,,,Q19219752,,,,,,,,,,,,,,,,,,,,,,,,,,,,,,,,,,,,,,,,,,,,,,,,,,,,,,,,,,,,,,,,,,,,,,,,,,,,,,,,,,,,,,concept_other,
19.0402,Consumer Economics.,19,04,02,6-digit,Q3578714,consumer economics,"branch of economics concerned with consumers, families, or individuals",Q627436,,Q39072,,,,,,,,,,,,,,,,Q425694,,,,,,,,Q192270,,,,,,,,,,,,,,,,,,,,,,,,,,,,,,,,,,,,,,,,,,,,,,,,,,,,,,,,,,,,,,,,,,,,,,,,,,,,,,,,concept_other,
19.0504,Human Nutrition.,19,05,04,6-digit,Q2602563,human nutrition,provision of essential nutrients to humans,Q11862829,,Q4764962,,,,,,,,,,,,,,,,,,,,,,,,,,,,,,,,,,,,,,,,,,,,,,,,,,,,,,,,,,,,,,,,,,,,,,,,,,,,,,,,,,,,,,,,,,,,,,,,,,,,,,,,concept_other,
19.0704,Family Systems.,19,07,04,6-digit,Q870449,family therapy,type of psychotherapy,Q11862829,,Q183257,,,,,,,,,,,,,,,,Q1929812,,,,,,,,,,,,,,,,,,,,,,,,,,,,,,,,,,,,,,,,,,,,,,,,,,,,,,,,,,,,,,,,,,,,,,,,,,,,,,,,,,,,,,,,concept_other,
23.1402,American Literature (United States).,23,14,02,6-digit,Q233762,American literature,literature written by Americans or related to the United States,Q11862829,,Q116476,,Q113128838,,,,Q25340364,,,,,,,,,,,,Q602358,,,,,,,,,,,,,,,,,,,,,,,,,,,,,,,,,,Q30,,,,,,,,,,,,,,,,,,,,,,,,,,,,,,,,,,,,,,,,,,,,,,,,,,,,concept_other,
23.1403,American Literature (Canadian).,23,14,03,6-digit,Q233762,American literature,literature written by Americans or related to the United States,Q11862829,,Q116476,,Q113128838,,,,Q25340364,,,,,,,,,,,,Q602358,,,,,,,,,,,,,,,,,,,,,,,,,,,,,,,,,,Q30,,,,,,,,,,,,,,,,,,,,,,,,,,,,,,,,,,,,,,,,,,,,,,,,,,,,concept_other,
24.0102,General Studies.,24,01,02,6-digit,Q4932206,jurisprudence,"theoretical study of law, by philosophers and social scientists",Q11862829,,Q382995,,,,,,Q847034,,,,Q126842,,,,,,Q382995,,Q2041543,,,,,,Q780687,,,,,,,,,,,,,,,,,,,,,,,,,,,,,,,,,,,,,,,,,,,,,,,,,,,,,,,,,,,,,,,,,,,,,,,,,,,,,,,,concept_other,
25.0101,Library Science/Librarianship.,25,01,01,6-digit,Q199655,library science,"application of practices, methods, technologies, tools of management, education, training, perspectives, and related areas, to the organized collection and the systematic classification of information in libraries",Q192581,,Q16387,,Q13420675,,,,,,,,Q49848,,,,,,Q99231505,,Q124737616,,,,,,Q1929761,,,,,,,,,,,,,,,,,,,,,,,,,,,,,,,,,,,,,,,,,,,,,,,,,,,,,,,,,,,,,,,,,,,,,,,,,,,,,,,,concept_applied,
26.0101,"Biology/Biological Sciences, General.",26,01,01,6-digit,Q420,biology,"scientific study of living things, especially their structure, function, growth, evolution, and distribution",Q4671286,,Q7991,,,,,,,,,,Q105582462,,,,,,,,Q867541,,,,,,Q3,,,,,,,,,,,,,,,,,,,,,,,,,,,,,,,,,,,,,,,,,,,,,,,,,,,,,,,,,,,,,,,,,,,,,,,,,,,,,,,,concept_other,
26.0102,"Biomedical Sciences, General.",26,01,02,6-digit,Q864601,biomedicine,branch of medical science that applies biological and physiological principles to clinical practice,Q4671286,,Q420,,,,,,,,,,,,,,,,,,,,,,,,,,,,,,,,,,,,,,,,,,,,,,,,,,,,,,,,,,,,,,,,,,,,,,,,,,,,,,,,,,,,,,,,,,,,,,,,,,,,,,,,concept_applied,
26.0202,Biochemistry.,26,02,02,6-digit,Q7094,biochemistry,study of chemical processes in living organisms,Q1665984,,Q420,,Q420,,,,,,,,,,,,,,Q731154,,Q602358,,,,,,Q864276,,,,,,,,,,,,,,,,,,,,,,,,,,,,,,,,,,,,,,,,,,,,,,,,,,,,,,,,,,,,,,,,,,,,,,,,,,,,,,,,concept_other,
26.0203,Biophysics.,26,02,03,6-digit,Q7100,biophysics,study of biological systems using methods from the physical sciences,Q4162444,,Q413,,,,,,,,,,,,,,,,,,Q864649,,,,,,,,,,,,,,,,,,,,,,,,,,,,,,,,,,,,,,,,,,,,,,,,,,,,,,,,,,,,,,,,,,,,,,,,,,,,,,,,,,,,,,concept_other,
26.0204,Molecular Biology.,26,02,04,6-digit,Q7202,molecular biology,branch of biology that deals with the molecular basis of biological activity,Q28598684,,Q420,,Q420,,,,,,,,Q2880775,,,,,,,,Q2657718,,,,,,Q11369,,,,,,,,,,,,,,,,,,,,,,,,,,,,,,,,,,,,,,,,,,,,,,,,,,,,,,,,,,,,,,,,,,,,,,,,,,,,,,,,concept_other,
26.0205,Molecular Biochemistry.,26,02,05,6-digit,Q115160648,molecular biochemistry,science,,,Q7094,,,,,,,,,,,,,,,,,,,,,,,,,,,,,,,,,,,,,,,,,,,,,,,,,,,,,,,,,,,,,,,,,,,,,,,,,,,,,,,,,,,,,,,,,,,,,,,,,,,,,,,,concept_other,
26.0206,Molecular Biophysics.,26,02,06,6-digit,Q4300350,molecular biophysics,study of biological systems at the molecular level using methods from the physical sciences,Q4162444,,Q7100,,,,,,,,,,,,,,,,,,Q2657718,,,,,,,,,,,,,,,,,,,,,,,,,,,,,,,,,,,,,,,,,,,,,,,,,,,,,,,,,,,,,,,,,,,,,,,,,,,,,,,,,,,,,,concept_other,
26.0207,Structural Biology.,26,02,07,6-digit,Q908902,structural biology,study of molecular structures in biology,Q11862829,,Q420,,Q7202,,,,,,,,,,,,,,,,,,,,,,,,,,,,,,,,,,,,,,,,,,,,,,,,,,,,,,,,,,,,,,,,,,,,,,,,,,,,,,,,,,,,,,,,,,,,,,,,,,,,,,concept_other,
26.0208,Photobiology.,26,02,08,6-digit,Q908917,photobiology,study of light interacting with living organisms,Q2465832,,Q420,,,,,,,,,,,,,,,,,,,,,,,,,,,,,,,,,,,,,,,,,,,,,,,,,,,,,,,,,,,,,,,,,,,,,,,,,,,,,,,,,,,,,,,,,,,,,,,,,,,,,,,,concept_other,
26.0209,Radiation Biology/Radiobiology.,26,02,09,6-digit,Q690200,radiobiology,field of clinical and basic medical sciences that involves the study of the action of ionizing radiation on living things,Q11862829,,Q420,,,,,,,,,,,,,,,,,,Q2657718,,,,,,Q186161,,,,,,,,,,,,,,,,,,,,,,,,,,,,,,,,,,,,,,,,,,,,,,,,,,,,,,,,,,,,,,,,,,,,,,,,,,,,,,,,concept_other,
26.0210,Biochemistry/Biophysics and Molecular Biology.,26,02,10,6-digit,Q7094,biochemistry,study of chemical processes in living organisms,Q1665984,,Q420,,Q420,,,,,,,,,,,,,,Q731154,,Q602358,,,,,,Q864276,,,,,,,,,,,,,,,,,,,,,,,,,,,,,,,,,,,,,,,,,,,,,,,,,,,,,,,,,,,,,,,,,,,,,,,,,,,,,,,,concept_other,
26.0301,Botany/Plant Biology.,26,03,01,6-digit,Q441,botany,science of plant life,Q1047113,,Q420,,,,,,,,,,Q272737,,,,,,,,Q106727050,,Q420,,,,Q756,,,,,,,,,,,,,,,,,,,,,,,,,,,,,,,,,,,,,,,,,,,,,,,,,,,,,,,,,,,,,,,,,,,,,,,,,,,,,,,,concept_other,
26.0403,Anatomy.,26,04,03,6-digit,Q514,anatomy,study of the internal structure of organisms and their parts,Q28598684,,Q420,,Q420,,,,,,,,Q4021,,,,,,Q13429539,,Q602358,,,,,,,,,,,,,,,,,,,,,,,,,,,,,,,,,,,,,,,,,,,,,,,,,,,,,,,,,,,,,,,,,,,,,,,,,,,,,,,,,,,,,,concept_other,
26.0502,"Microbiology, General.",26,05,02,6-digit,Q7193,microbiology,study of microscopic organisms,Q11862829,,Q420,,,,,,,,,,Q7215,,,,,,,,Q867541,,,,,,,,,,,,,,,,,,,,,,,,,,,,,,,,,,,,,,,,,,,,,,,,,,,,,,,,,,,,,,,,,,,,,,,,,,,,,,,,,,,,,,concept_other,
26.0506,Mycology.,26,05,06,6-digit,Q7175,mycology,branch of biology concerned with the study of fungi,Q1047113,,Q420,,,,,,,,,,,,,,,,,,Q602358,,,,,,Q764,,,,,,,,,,,,,,,,,,,,,,,,,,,,,,,,,,,,,,,,,,,,,,,,,,,,,,,,,,,,,,,,,,,,,,,,,,,,,,,,concept_other,
26.0507,Immunology.,26,05,07,6-digit,Q101929,immunology,branch of medicine studying the immune system,Q930752,,Q420,,,,,,,,,,Q1500332,,,,,,,,Q124737630,,,,,,Q1059,,,,,,,,,,,,,,,,,,,,,,,,,,,,,,,,,,,,,,,,,,,,,,,,,,,,,,,,,,,,,,,,,,,,,,,,,,,,,,,,concept_other,
26.0701,Zoology/Animal Biology.,26,07,01,6-digit,Q431,zoology,scientific study of animals,Q627436,,Q420,,Q420,,,,,,,,Q180502,,,,,,Q168091,,Q19219752,,,,,,Q729,,,,,,,,,,,,,,,,,,,,,,,,,,,,,,,,,,,,,,,,,,,,,,,,,,,,,,,,,,,,,,,,,,,,,,,,,,,,,,,,concept_other,
26.0702,Entomology.,26,07,02,6-digit,Q39286,entomology,scientific study of insects,Q11862829,,Q3520855,,Q3520855,,,,,,,,,,,,,,Q35245,,Q602358,,,,,,Q1390,,,,,,,,,,,,,,,,,,,,,,,,,,,,,,,,,,,,,,,,,,,,,,,,,,,,,,,,,,,,,,,,,,,,,,,,,,,,,,,,concept_other,
26.0801,"Genetics, General.",26,08,01,6-digit,Q7162,genetics,"science of genes, heredity, and variation in living organisms",Q336,,Q420,,Q420,,,,,,,,,,,,,,Q3508604,,Q20078554,,,,,,Q7020,,,,,,,,,,,,,,,,,,,,,,,,,,,,,,,,,,,,,,,,,,,,,,,,,,,,,,,,,,,,,,,,,,,,,,,,,,,,,,,,concept_other,
26.0805,Plant Genetics.,26,08,05,6-digit,Q7201518,plant genetics,"study of genes, heredity in plants",Q11862829,,,,Q441,,,,,,,,,,,,,,,,,,,,,,Q756,,,,,,,,,,,,,,,,,,,,,,,,,,,,,,,,,,,,,,,,,,,,,,,,,,,,,,,,,,,,,,,,,,,,,,,,,,,,,,,,concept_other,
26.0901,"Physiology, General.",26,09,01,6-digit,Q521,physiology,science regarding function of organisms or living systems,Q185698,,Q420,,,,,,,,,,,,,,,,,,Q602358,,,,,,,,,,,,,,,,,,,,,,,,,,,,,,,,,,,,,,,,,,,,,,,,,,,,,,,,,,,,,,,,,,,,,,,,,,,,,,,,,,,,,,concept_other,
26.0902,Molecular Physiology.,26,09,02,6-digit,Q75135416,molecular physiology,research field,Q11862829,,,,,,,,,,,,,,,,,,,,,,,,,,,,,,,,,,,,,,,,,,,,,,,,,,,,,,,,,,,,,,,,,,,,,,,,,,,,,,,,,,,,,,,,,,,,,,,,,,,,,,,,,,concept_other,
26.0905,Reproductive Biology.,26,09,05,6-digit,Q3640158,reproductive biology,branch of biology studying reproduction,Q1047113,,Q420,,,,,,,,,,,,,,,,,,,,,,,,Q7895,,,,,,,,,,,,,,,,,,,,,,,,,,,,,,,,,,,,,,,,,,,,,,,,,,,,,,,,,,,,,,,,,,,,,,,,,,,,,,,,concept_applied,
26.1001,Pharmacology.,26,10,01,6-digit,Q128406,pharmacology,branch of biology concerning drugs,Q930752,,Q7180763,,,,,,,,,,,,,,,,,,Q602358,,,,,,Q1848900,,,,,,,,,,,,,,,,,,,,,,,,,,,,,,,,,,,,,,,,,,,,,,,,,,,,,,,,,,,,,,,,,,,,,,,,,,,,,,,,concept_other,
26.1004,Toxicology.,26,10,04,6-digit,Q7218,toxicology,"branch of biology, chemistry, and medicine",Q930752,,Q420,,,,,,,,,,Q115582861,,,,,,Q1130602,,Q602358,,,,,,Q184651,,,,,,,,,,,,,,,,,,,,,,,,,,,,,,,,,,,,,,,,,,,,,,,,,,,,,,,,,,,,,,,,,,,,,,,,,,,,,,,,concept_other,
26.1101,Biometry/Biometrics.,26,11,01,6-digit,Q214746,biostatistics,study of statistics application in biology,Q11862829,,Q420,,,,,,,,,,,,,,,,,,,,,,,,,,,,,,,,,,,,,,,,,,,,,,,,,,,,,,,,,,,,,,,,,,,,,,,,,,,,,,,,,,,,,,,,,,,,,,,,,,,,,,,,concept_other,
26.1102,Biostatistics.,26,11,02,6-digit,Q214746,biostatistics,study of statistics application in biology,Q11862829,,Q420,,,,,,,,,,,,,,,,,,,,,,,,,,,,,,,,,,,,,,,,,,,,,,,,,,,,,,,,,,,,,,,,,,,,,,,,,,,,,,,,,,,,,,,,,,,,,,,,,,,,,,,,concept_other,
26.1104,Computational Biology.,26,11,04,6-digit,Q177005,computational biology,"data-analytical and theoretical methods, mathematical modeling and computational simulation techniques to the study of biological, behavioral, and social systems",Q11862829,,Q420,,,,,,,,,,,,,,,,Q128570,,,,,,,,,,,,,,,,,,,,,,,,,,,,,,,,,,,,,,,,,,,,,,,,,,,,,,,,,,,,,,,,,,,,,,,,,,,,,,,,,,,,,,,,concept_other,
26.1201,Biotechnology.,26,12,01,6-digit,Q7108,biotechnology,technologies directly involving biology; formerly or more narrowly the use of living systems and organisms to develop or make useful products,Q28797,,Q11016,,Q420,,,,,,,,Q742990,,,,,,,,Q101314624,,,,,,,,,,,,,,,,,,,,,,,,,,,,,,,,,,,,,,,,,,,,,,,,,,,,,,,,,,,,,,,,,,,,,,,,,,,,,,,,,,,,,,concept_applied,
26.1301,Ecology.,26,13,01,6-digit,Q7150,ecology,scientific study of the relationships between living organisms,Q1047113,,Q5333289,,,,,,,,,,Q1387972,,,,,,Q7155,,Q1029706,,,,,,Q56575300,,,,,,,,,,,,,,,,,,,,,,,,,,,,,,,,,,,,,,,,,,,,,,,,,,,,,,,,,,,,,,,,,,,,,,,,,,,,,,,,concept_other,
26.1303,Evolutionary Biology.,26,13,03,6-digit,Q840400,evolutionary biology,study of the processes that produced the diversity of life,Q1047113,,Q5333289,,,,,,,,,,,,,,,,Q213713,,,,,,,,Q1063,,,,,,,,,,,,,,,,,,,,,,,,,,,,,,,,,,,,,,,,,,,,,,,,,,,,,,,,,,,,,,,,,,,,,,,,,,,,,,,,concept_other,
26.1306,Population Biology.,26,13,06,6-digit,Q1098652,population biology,study of biological populations,Q28598684,,Q420,,,,,,,,,,,,,,,,Q7229825,,,,,,,,Q2625603,,,,,,,,,,,,,,,,,,,,,,,,,,,,,,,,,,,,,,,,,,,,,,,,,,,,,,,,,,,,,,,,,,,,,,,,,,,,,,,,concept_other,
26.1309,Epidemiology.,26,13,09,6-digit,Q133805,epidemiology,"study of the patterns, causes, and effects of health and disease conditions",Q2465832,,Q843601,,,,,,,,,,,,,,,,,,Q19180675,,,,,,Q12184,,,,,,,,,,,,,,,,,,,,,,,,,,,,,,,,,,,,,,,,,,,,,,,,,,,,,,,,,,,,,,,,,,,,,,,,,,,,,,,,concept_other,
26.1502,Neuroanatomy.,26,15,02,6-digit,Q948647,neuroanatomy,branch of neuroscience,Q11862829,,Q514,,,,,,,,,,,,,,,,,,,,,,,,Q9404,,,,,,,,,,,,,,,,,,,,,,,,,,,,,,,,,,,,,,,,,,,,,,,,,,,,,,,,,,,,,,,,,,,,,,,,,,,,,,,,concept_other,
27.0101,"Mathematics, General.",27,01,01,6-digit,Q829984,Mathematics Genealogy Project,web-based database for the academic genealogy of mathematicians,Q7094076,,,,,,,,,,Q4671207,,Q118862191,,,,,,,,,,,,,,,,,,,,,,,,,,Q11099210,,,,,,,,,,,,,,,,,,,,,,,,,,,,,,,,,,,,,,,,,,,,,,,,,,,,,,,,,,,,,,,,,,,,concept_other,
27.0306,Mathematical Biology.,27,03,06,6-digit,Q751611,mathematical biology,"branch of biology which employs theoretical analysis, mathematical models and abstractions of the living organisms",Q4671286,,Q33521,,,,,,,,,,,,,,,,,,,,,,,,Q4299308,,,,,,,,,,,,,,,,,,,,,,,,,,,,,,,,,,,,,,,,,,,,,,,,,,,,,,,,,,,,,,,,,,,,,,,,,,,,,,,,concept_other,
29.0207,Cyber/Electronic Operations and Warfare.,29,02,07,6-digit,Q3182559,Cyberpunk 2077,2020 role-playing video game developed by CD Projekt RED,Q7889,,,,,,,,,,Q174526,,,,,,,,,,,,,,,,,,,,,,,,,,,,Q1172164,,Q174526,,,,,,,,,,,,,,,,,,,,,,,,,,,,,,,,,,,,,,,,,,,,,,,,,,,,,,,,,,,,,,,,,,concept_other,
29.0406,Military Information Systems Technology.,29,04,06,6-digit,Q102430691,military information systems technology,,Q11862829,,,,,,,,,,,,,,,,,,,,,,,,,,,,,,,,,,,,,,,,,,,,,,,,,,,,,,,,,,,,,,,,,,,,,,,,,,,,,,,,,,,,,,,,,,,,,,,,,,,,,,,,,,concept_applied,
30.1001,Biopsychology.,30,10,01,6-digit,Q846566,behavioral neuroscience,"field of scientific study; the application of the principles of biology to the study of physiological, genetic, and developmental mechanisms of behavior in humans and other animals",Q60680430,,Q9418,,,,,,,,,,,,,,,,Q2115942,,,,,,,,,,,,,,,,,,,,,,,,,,,,,,,,,,,,,,,,,,,,,,,,,,,,,,,,,,,,,,,,,,,,,,,,,,,,,,,,,,,,,,,,concept_other,
30.2801,Dispute Resolution.,30,28,01,6-digit,Q5282696,dispute resolution,"act of resolving disputes, with techniques that can assist the resolution of antagonisms between parties that may include citizens, corporations, and governments",Q11862829,,Q1194317,,,,,,,,,,,,,,,,,,,,,,,,,,,,,,,,,,,,,,,,,,,,,,,,,,,,,,,,,,,,,,,,,,,,,,,,,,,,,,,,,,,,,,,,,,,,,,,,,,,,,,,,concept_other,
31.0501,"Health and Physical Education, General.",31,05,01,6-digit,Q113698748,health and physical education,school subject in Japan,Q362165,,Q243253,,,,,,,,,,,,,,,,,,,,Q60894,,,,,,,,,,,,,,,,,,,,,,,,,,,,,,,,Q17,,,,,,,,,,,,,,,,,,,,,,,,,,,,,,,,,,,,,,,,,,,,,,,,,,,,concept_other,
31.0601,Outdoor Education.,31,06,01,6-digit,Q1508666,outdoor education,organized learning that takes place in the outdoors,,,Q8434,,,,,,,,,,,,,,,,,,,,,,,,,,,,,,,,,,,,,,,,,,,,,,,,,,,,,,,,,,,,,,,,,,,,,,,,,,,,,,,,,,,,,,,,,,,,,,,,,,,,,,,,concept_other,
32.0109,Second Language Learning.,32,01,09,6-digit,Q1455178,second-language acquisition,process in which a second or additional language is acquired after the first language has been learned,Q11862829,,Q118500400,,,,,,Q160845,,,,,,,,,,Q815859,,Q124156602,,,,,,,,,,,,,,,,,,,,,,,,,,,,,,,,,,,,,,,,,,,,,,,,,,,,,,,,,,,,,,,,,,,,,,,,,,,,,,,,,,,,,,concept_other,
36.0117,Theatre/Theater.,36,01,17,6-digit,Q11635,theatre art,art of creating stories and performing them live in front of public,Q45971958,,Q184485,,,,,,Q60971539,,,,Q24354,,,,,,Q11812394,,Q61070632,,,,,,,,,,,,,,,,,,,,,,,,,,,,,,,,,,,,,,,,,,,,,,,,,,,,,,,,,,,,,,,,,,,,,,,,,,,,,,,,,,,,,,concept_other,
38.0103,Ethics.,38,01,03,6-digit,Q9465,ethics,"branch of philosophy that systematizes, defends, and recommends concepts of right and wrong conduct",Q11862829,,Q5891,,,,,,,,Q9332,,,,,,,,Q7155,,Q302556,,,,,,,,,,,,,,,,,,,,,,,,,,,,,,,,,,,,,,,,,,,,,,,,,,,,,,,,,,,,,,,,,,,,,,,,,,,,,,,,,,,,,,concept_other,
38.0203,Christian Studies.,38,02,03,6-digit,Q1084018,Christian education,Christian approaches to education and parenting,,,Q1217379,,,,,,,,,,Q118836545,,,,,,,,,,,,,,,,,,,,,,,,,,,,,,,,,,,,,,,,,,,,,,,,,,,,,,,,,,,,,,,,,,,,,,,,,,,,,,,,,,,,,,,,,,,,,,concept_other,
38.0204,Hindu Studies.,38,02,04,6-digit,Q5766501,Hindu studies,study of traditions and practices of the Indian subcontinent,Q4671286,,Q34187,,,,,,,,,,,,,,,,,,,,,,,,Q9089,,,,,,,,,,,,,,,,,,,,,,,,,,,,,,,,,,,,,,,,,,,,,,,,,,,,,,,,,,,,,,,,,,,,,,,,,,,,,,,,concept_applied,
40.0201,Astronomy.,40,02,01,6-digit,Q333,astronomy,natural science studying celestial objects and phenomena in the cosmos,Q2465832,,Q475023,,,,,,Q1332231,,,,,,,,,,Q5860078,,Q19219752,,,,,,Q6999,,,,,,,,,,,,,,Q527,,,,-8000-01-01T00:00:00Z,,,,,,,,,,,,,,,,,,,,,,,,,,,,,,,,,,,,,,,,,,,,,,,,,,,,,,,,,,,,,,concept_other,
40.0202,Astrophysics.,40,02,02,6-digit,Q37547,astrophysics,science that employs the methods and principles of physics and chemistry in the study of astronomical objects and phenomena,Q11862829,,Q413,,,,,,,,,,,,,,,,,,Q2041543,,,,,,Q4274059,,,,,,,,,,,,,,,,,,,,,,,,,,,,,,,,,,,,,,,,,,,,,,,,,,,,,,,,,,,,,,,,,,,,,,,,,,,,,,,,concept_other,
40.0504,Organic Chemistry.,40,05,04,6-digit,Q11351,organic chemistry,"subdiscipline within chemistry involving the scientific study of carbon-based compounds, hydrocarbons, and their derivatives",Q4671286,,Q2329,,Q2329,,,,,,,,,,,,,,,,Q19190511,,,,,,Q174211,,,,,,,,,,,,,,,,,,,,,,,,,,,,,,,,,,,,,,,,,,,,,,,,,,,,,,,,,,,,,,,,,,,,,,,,,,,,,,,,concept_other,
40.0509,Environmental Chemistry.,40,05,09,6-digit,Q321355,environmental chemistry,scientific study of the chemical and biochemical phenomena that occur in natural places,Q11790203,,Q2329,,,,,,,,,,,,,,,,,,,,,,,,,,,,,,,,,,,,,,,,,,,,,,,,,,,,,,,,,,,,,,,,,,,,,,,,,,,,,,,,,,,,,,,,,,,,,,,,,,,,,,,,concept_other,
40.0510,Forensic Chemistry.,40,05,10,6-digit,Q3489716,forensic chemistry,forensic application of the study of chemistry,Q11790203,,Q2329,,,,,,,,,,,,,,,,,,,,,,,,,,,,,,,,,,,,,,,,,,,,,,,,,,,,,,,,,,,,,,,,,,,,,,,,,,,,,,,,,,,,,,,,,,,,,,,,,,,,,,,,concept_other,
40.0511,Theoretical Chemistry.,40,05,11,6-digit,Q321150,theoretical chemistry,branch of chemistry which develops and applies theoretical concepts,Q11790203,,Q2329,,Q2329,,,,,,,,,,,,,,,,,,,,,,,,,,,,,,,,,,,,,,,,,,,,,,,,,,,,,,,,,,,,,,,,,,,,,,,,,,,,,,,,,,,,,,,,,,,,,,,,,,,,,,concept_other,
40.0601,"Geology/Earth Science, General.",40,06,01,6-digit,Q1069,geology,"study of the composition, structure, physical properties, and history of Earth's components, and the processes by which they are shaped",Q1047113,,Q7991,,,,,,,,,,,,,,,,Q3508604,,Q20078554,,Q8008,,,,Q83296,,,,,,,,,,,,,,,,,,,,,,,,,,,,,,,,,,,,,,,,,,,,,,,,,,,,,,,,,,,,,,,,,,,,,,,,,,,,,,,,concept_other,
40.0602,Geochemistry.,40,06,02,6-digit,Q161764,geochemistry,science that applies chemistry to geological systems,Q1665984,,Q2329,,,,,,,,,,,,,,,,,,Q20078554,,,,,,,,,,,,,,,,,,,,,,,,,,,,,,,,,,,,,,,,,,,,,,,,,,,,,,,,,,,,,,,,,,,,,,,,,,,,,,,,,,,,,,concept_other,
40.0604,Paleontology.,40,06,04,6-digit,Q7205,paleontology,scientific study of the past of life on Earth through fossils,Q11862829,,Q1402508,,Q8008,,,,,,,,,,,,,,,,Q602358,,,,,,,,,,,,,,,,,,,,,,,,,,,,,,,,,,,,,,,,,,,,,,,,,,,,,,,,,,,,,,,,,,,,,,,,,,,,,,,,,,,,,,concept_other,
40.0801,"Physics, General.",40,08,01,6-digit,Q413,physics,"study of matter and its motion, along with related concepts such as energy and force",Q475023,,Q7991,,,,,,,,,,,,,,,,Q14632398,,Q602358,,,,,,Q11379,,,,,,,,,,,,,,,,,,,,,,,,,,,,,,,,,,,,,,,,,,,,,,,,,,,,,,,,,,,,,,,,,,,,,,,,,,,,,,,,concept_other,
40.0807,Optics/Optical Sciences.,40,08,07,6-digit,Q14620,optics,branch of physics concerning light,Q627436,,Q7991,,Q413,,,,,,,,,,,,,,Q618211,,Q602358,,,,,,Q9128,,,,,,,,,,,,,,,,,,,,,,,,,,,,,,,,,,,,,,,,,,,,,,,,,,,,,,,,,,,,,,,,,,,,,,,,,,,,,,,,concept_other,
40.0809,Acoustics.,40,08,09,6-digit,Q82811,acoustics,"science that deals with the study of all mechanical waves in gases, liquids, and solids including vibration, sound, ultrasound and infrasound",Q11862829,,Q413,,,,,,,,,,,,,,,,,,Q602358,,,,,,Q11461,,,,,,,,,,,,,,,,,,,,,,,,,,,,,,,,,,,,,,,,,,,,,,,,,,,,,,,,,,,,,,,,,,,,,,,,,,,,,,,,concept_other,
40.1002,Materials Chemistry.,40,10,02,6-digit,Q908684,solid-state chemistry,"study of the synthesis, structure, and properties of solid phase materials",Q11790203,,Q11372,,Q113135490,,,,,,,,,,,,,,,,,,,,,,,,,,,,,,,,,,,,,,,,,,,,,,,,,,,,,,,,,,,,,,,,,,,,,,,,,,,,,,,,,,,,,,,,,,,,,,,,,,,,,,concept_other,
41.0301,Chemical Technology/Technician.,41,03,01,6-digit,Q911772,chemical technology,technology that processes or produces chemicals,Q4671286,,Q11016,,,,,,,,,,,,,,,,,,,,,,,,,,,,,,,,,,,,,,,,,,,,,,,,,,,,,,,,,,,,,,,,,,,,,,,,,,,,,,,,,,,,,,,,,,,,,,,,,,,,,,,,concept_applied,
42.0101,"Psychology, General.",42,01,01,6-digit,Q9418,psychology,study of mental functions and behaviours,Q44597158,,Q1587903,,,,,,,,,,Q16270338,,,,,,,,Q19180675,,Q17212463,,,,Q12047512,,,,,,,,,,,,,,,,,,,,,,,,,,,,,,,,,,,,,,,,,,,,,,,,,,,,,,,,,,,,,,,,,,,,,,,,,,,,,,,,concept_other,
42.2808,Environmental Psychology.,42,28,08,6-digit,Q618752,environmental psychology,study of the interplay between individuals and their surroundings,Q2465832,,Q9418,,,,,,,,,,,,,,,,,,,,,,,,,,,,,,,,,,,,,,,,,,,,,,,,,,,,,,,,,,,,,,,,,,,,,,,,,,,,,,,,,,,,,,,,,,,,,,,,,,,,,,,,concept_other,
42.2813,Applied Psychology.,42,28,13,6-digit,Q538904,applied psychology,application of psychological theories or findings,Q11862829,,Q9418,,Q113043917,,,,,,,,,,,,,,,,,,,,,,,,,,,,,,,,,,,,,,,,,,,,,,,,,,,,,,,,,,,,,,,,,,,,,,,,,,,,,,,,,,,,,,,,,,,,,,,,,,,,,,concept_other,
43.0106,Forensic Science and Technology.,43,01,06,6-digit,Q111784809,Forensic Science and Technology,,Q737498,,,,,,,,,,,,,,,,,,,,,,,,,,,,,,,,,,,,,,,,,,,,,,,,,,,,,,,,,,,,,,,,,,,,,,,,,,,,,,,,,,,,,,,,,,,,,,,,,,,,,,,,,,concept_applied,
43.0116,Cyber/Computer Forensics and Counterterrorism.,43,01,16,6-digit,Q3182559,Cyberpunk 2077,2020 role-playing video game developed by CD Projekt RED,Q7889,,,,,,,,,,Q174526,,,,,,,,,,,,,,,,,,,,,,,,,,,,Q1172164,,Q174526,,,,,,,,,,,,,,,,,,,,,,,,,,,,,,,,,,,,,,,,,,,,,,,,,,,,,,,,,,,,,,,,,,concept_other,
43.0203,Fire Science/Fire-fighting.,43,02,03,6-digit,Q474100,pyrotechnics,"the science and craft of using self-contained and self-sustained exothermic chemical reactions to make heat, light, gas, smoke and/or sound",,,Q336,,,,,,,,,,,,,,Q7237336,,,,Q602358,,,,,,,,,,,,,,,,,,,,,,,,,,,,,,,,,,,,,,,,,,,,,,,,,,,,,,,,,,,,,,,,,,,,,,,,,,,,,,,,,,,,,,concept_other,
44.0401,Public Administration.,44,04,01,6-digit,Q31728,public administration,"generic term for the administrations that perform tasks of the state, including bodies governed by public law",Q11862829,,Q11771944,,Q7275,,,,Q2736989,,,,Q294414,,,,,,,,Q1029706,,,,,,,,,,,,,,,,,,,,,,,,,,,,,,,,,,,,,,,,,,,,,,,,,,,,,,,,,,,,,,,,,,,,,,,,,,,,,,,,,,,,,,concept_other,
45.0201,Anthropology.,45,02,01,6-digit,Q23404,anthropology,"scientific study of humans, human behavior, and societies",Q4671286,,Q34749,,Q34749,,,,,,,,Q23498,,,,,,Q43455,,Q123625363,,,,,,Q1156970,,,,,,,,,,,,,,,,,,,,,,,,,,,,,,,,,,,,,,,,,,,,,,,,,,,,,,,,,,,,,,,,,,,,,,,,,,,,,,,,concept_other,
45.0204,Cultural Anthropology.,45,02,04,6-digit,Q28598,cultural anthropology,branch of anthropology focused on the study of cultural variation among humans,Q11862829,,Q23404,,Q21505779,,,,,,,,,,,,,,Q29051,,,,,,,,,,,,,,,,,,,,,,,,,,,,,,,,,,,,,,,,,,,,,,,,,,,,,,,,,,,,,,,,,,,,,,,,,,,,,,,,,,,,,,,,concept_other,
45.0401,Criminology.,45,04,01,6-digit,Q161733,criminology,study of the causes and manifestations of crime,Q1047113,,Q34749,,,,,,,,,,Q4915287,,,,,,Q43504,,Q602358,,,,,,Q83267,,,,,,,,,,,,,,,,,,,,,,,,,,,,,,,,,,,,,,,,,,,,,,,,,,,,,,,,,,,,,,,,,,,,,,,,,,,,,,,,concept_other,
45.0601,"Economics, General.",45,06,01,6-digit,Q8134,economics,"social science that studies the production, distribution, and consumption of goods and services",Q4671286,,Q34749,,Q3475802,,,,,,,,Q3578710,,,,,,Q159810,,Q867541,,,,,,Q7406919,,,,,,,,,,,,,,,,,,,,,,,,,,,,,,,,,,,,,,,,,,,,,,,,,,,,,,,,,,,,,,,,,,,,,,,,,,,,,,,,concept_applied,
45.0701,Geography.,45,07,01,6-digit,Q1071,geography,"science that studies the terrestrial surface, the societies that inhabit it and the territories, landscapes, places or regions that form it when interacting with each other",Q4671286,,Q336,,,,,,Q3589295,,,,Q135995350,,,,,,Q1069,,Q30059240,,,,,,Q2221906,,,,,,,,,,,,,,,,,,,,,,,,,,,,,,,,,,,,,,,,,,,,,,,,,,,,,,,,,,,,,,,,,,,,,,,,,,,,,,,,concept_other,
45.1004,Political Economy.,45,10,04,6-digit,Q47555,political economics,"study of production, buying, and selling, and their relations with law, custom, and government",Q1047113,,Q15831440,,Q113115885,,,,,,,,,,,,,,Q582577,,Q1029706,,,,,,,,,,,,,,,,,,,,,,,,,,,,,,,,,,,,,,,,,,,,,,,,,,,,,,,,,,,,,,,,,,,,,,,,,,,,,,,,,,,,,,concept_applied,
48.0508,Welding Technology/Welder.,48,05,08,6-digit,Q136905545,Welding engineering,"Engineering discipline focused on welding processes, weld design, materials behavior, inspection, and fabrication.",Q12015335,,Q1710723,,Q187939,,,,,,,,Q137041319,,Q1613682,,,,,,Q137041206,,,,,,Q136905156,,,,,,,,,,,,,,,,,,,,,,,,,,,,,,,,,,,,,,,,,,,,,,,,,,,,,,,,,,,,,,,,,,,,,,,,,,,,,,,,concept_other,
49.0101,"Aeronautics/Aviation/Aerospace Science and Technology, General.",49,01,01,6-digit,Q8421,aeronautics,"science and art of study, design, manufacturing, and operation of airflight-capable machines",Q2465832,,Q2876213,,,,,,,,,,Q221395,,Q8424,,,,,,Q602358,,,,,,Q765633,,,,,,,,,,,,,,,,,,,,,,,,,,,,,,,,,,,,,,,,,,,,,,,,,,,,,,,,,,,,,,,,,,,,,,,,,,,,,,,,concept_other,
50.0404,Industrial Design.,50,04,04,6-digit,Q243606,industrial design,use of art and science to improve the aesthetics and usability of a product,Q11862829,,Q82604,,,,,,,,,,,,,,,,,,,,,,,,,,,,,,,,,,,,,,,,,,,,,,,,,,,,,,,,,,,,,,,,,,,,,,,,,,,,,,,,,,,,,,,,,,,,,,,,,,,,,,,,concept_other,
50.0703,"Art History, Criticism and Conservation.",50,07,03,6-digit,Q50637,art history,academic study of objects of art in their historical development,Q11862829,,Q80083,,Q113296040,,,,,,,,,,,,,,Q50641,,Q124737604,,,,,,Q50641,,,,,,,,,,,,,,,,,,,,,,,,,,,,,,,,,,,,,,,,,,,,,,,,,,,,,,,,,,,,,,,,,,,,,,,,,,,,,,,,concept_other,
50.0913,Music Technology.,50,09,13,6-digit,Q2427900,music technology,technology related to music,,,Q20077126,,,,,,,,,,,,,,,,,,,,,,,,,,,,,,,,,,,,,,,,,,,,,,,,,,,,,,,,,,,,,,,,,,,,,,,,,,,,,,,,,,,,,,,,,,,,,,,,,,,,,,,,concept_applied,
50.1004,Theatre/Theatre Arts Management.,50,10,04,6-digit,Q11635,theatre art,art of creating stories and performing them live in front of public,Q45971958,,Q184485,,,,,,Q60971539,,,,Q24354,,,,,,Q11812394,,Q61070632,,,,,,,,,,,,,,,,,,,,,,,,,,,,,,,,,,,,,,,,,,,,,,,,,,,,,,,,,,,,,,,,,,,,,,,,,,,,,,,,,,,,,,concept_other,
51.0603,Dental Laboratory Technology/Technician.,51,06,03,6-digit,Q79862637,Dental laboratory technology,scientific article published on 01 March 2004,,,,,,,,,,,,,,,,,,,,,,,,,,,,,,,,,,,,,,,,,,,,,,,,,,,,,,,,,,,,,,,,,,,,,,,,,,,,,,,,,,,,,,,,,,,,,,,,,,,,,,,,,,,concept_applied,
51.0706,Health Information/Medical Records Administration/Administrator.,51,07,06,6-digit,Q10910281,health information technology,health technology applied to health and health care,,,Q11661,,,,,,,,,,,,,,,,,,,,,,,,,,,,,,,,,,,,,,,,,,,,,,,,,,,,,,,,,,,,,,,,,,,,,,,,,,,,,,,,,,,,,,,,,,,,,,,,,,,,,,,,concept_applied,
51.0707,Health Information/Medical Records Technology/Technician.,51,07,07,6-digit,Q10910281,health information technology,health technology applied to health and health care,,,Q11661,,,,,,,,,,,,,,,,,,,,,,,,,,,,,,,,,,,,,,,,,,,,,,,,,,,,,,,,,,,,,,,,,,,,,,,,,,,,,,,,,,,,,,,,,,,,,,,,,,,,,,,,concept_applied,
51.1505,Marriage and Family Therapy/Counseling.,51,15,05,6-digit,Q870449,family therapy,type of psychotherapy,Q11862829,,Q183257,,,,,,,,,,,,,,,,Q1929812,,,,,,,,,,,,,,,,,,,,,,,,,,,,,,,,,,,,,,,,,,,,,,,,,,,,,,,,,,,,,,,,,,,,,,,,,,,,,,,,,,,,,,,,concept_other,
51.2011,Pharmaceutical Marketing and Management.,51,20,11,6-digit,Q7180733,Pharmaceutical Marketing and Management,,,,,,,,,,,,,,,,,,,,,,,,,,,,,,,,,,,,,,,,,,,,,,,,,,,,,,,,,,,,,,,,,,,,,,,,,,,,,,,,,,,,,,,,,,,,,,,,,,,,,,,,,,,,concept_applied,
51.2211,Health Services Administration.,51,22,11,6-digit,Q1137608,health administration,"field relating to leadership, management, and administration of hospitals, hospital networks, health care systems, and public health systems",Q11862829,,Q2920921,,,,,,,,,,,,,,,,Q31218,,,,,,,,,,,,,,,,,,,,,,,,,,,,,,,,,,,,,,,,,,,,,,,,,,,,,,,,,,,,,,,,,,,,,,,,,,,,,,,,,,,,,,,,concept_applied,
51.3301,Acupuncture.,51,33,01,6-digit,Q121713,acupuncture,form of alternative medicine,Q11862829,,,,Q188504,,,,,,,,,,,,,,,,Q602358,,,,,,Q67374260,,,,,,,,,,,,,,,,,,,,,,,,,,,,,,,,,,,,,,,,,,,,,,,,,,,,,,,,,,,,,,,,,,,,,,,,,,,,,,,,concept_other,
51.3303,Naturopathic Medicine/Naturopathy (ND).,51,33,03,6-digit,Q213403,naturopathy,"form of alternative medicine, drugless system of therapy",Q11862829,,Q188504,,,,,,,,,,,,,,,,,,Q14916674,,,,,,,,,,,,,,,,,,,,,,,,,,,,,,,,,,,,,,,,,,,,,,,,,,,,,,,,,,,,,,,,,,,,,,,,,,,,,,,,,,,,,,concept_other,
51.3306,Holistic Health.,51,33,06,6-digit,Q767405,holistic health,"health as viewed from the perspective that humans function as complete, integrated units rather than as aggregates of separate parts",,,Q188504,,Q188504,,,,,,Q12147,,,,,,,,,,,,,,,,,,,,,,,,,,,,,,,,,,,,,,,,,,,,,,,,,,,,,,,,,,,,,,,,,,,,,,,,,,,,,,,,,,,,,,,,,,,,,,,,concept_other,
51.3817,Nursing Education.,51,38,17,6-digit,Q13378080,nurse education,training of nurses,Q2267705,,Q126945,,Q113156829,,,,,,,,,,,,,,,,,,Q121176,,,,,,,,,,,,,,,,,,,,,,,,,,,,,,,,,,,,,,,,,,,,,,,,,,,,,,,,,,,,,,,,,,,,,,,,,,,,,,,,,,,,concept_other,
52.0211,Project Management.,52,02,11,6-digit,Q179012,project management,"the practice of initiating, planning, executing, controlling, and closing the work of a team to achieve specific goals and meet specific success criteria at the specified time",Q1047113,,Q185698,,Q603948,,,,,,,,,,,,,,,,,,,,,,,,,,,,,,,,,,,,,,,,,,,,,,,,,,,,,,,,,,,,,,,,,,,,,,,,,,,,,,,,,,,,,,,,,,,,,,,,,,,,,,concept_applied,
52.0212,Retail Management.,52,02,12,6-digit,Q57416364,retail management,,Q11862829,,,,,,,,,,,,,,,,,,,,,,,,,,,,,,,,,,,,,,,,,,,,,,,,,,,,,,,,,,,,,,,,,,,,,,,,,,,,,,,,,,,,,,,,,,,,,,,,,,,,,,,,,,concept_applied,
52.0302,Accounting Technology/Technician and Bookkeeping.,52,03,02,6-digit,Q108276336,Accounting technology,trade publication,Q685935,,,,,,,,,,Q4116214,,,,,,,,,,,,,,,,,,,,,,,,,,,,,,,,,,,,,,,,,,,,,,,,,,,,,,,,,,,,,,,,,,,,,,,,,,,,,,,,,,,,,,,,,,,,,,,,concept_applied,
52.0806,International Finance.,52,08,06,6-digit,Q2048185,international finance,financial services between nations,Q11862829,,Q2294553,,,,,,,,,,,,,,,,,,,,,,,,,,,,,,,,,,,,,,,,,,,,,,,,,,,,,,,,,,,,,,,,,,,,,,,,,,,,,,,,,,,,,,,,,,,,,,,,,,,,,,,,concept_other,
52.0808,Public Finance.,52,08,08,6-digit,Q274490,public finance,public finance in economics,Q11862829,,Q10660901,,,,,,,,,,Q7163,,,,,,,,Q1029706,,,,,,,,,,,,,,,,,,,,,,,,,,,,,,,,,,,,,,,,,,,,,,,,,,,,,,,,,,,,,,,,,,,,,,,,,,,,,,,,,,,,,,concept_other,
52.1001,"Human Resources Management/Personnel Administration, General.",52,10,01,6-digit,Q1056396,human resource management,field in economy,Q268592,,Q5508836,,Q2920921,,Q1399956,,,,,,Q281940,,Q7679200,,,,Q110406476,,,,Q2920921,,,,Q1920785,,,,,,,,,,,,,,,,,,,,,,,,,,,,,,,,,,,,,,,,,,,,,,,,,,,,,,,,,,,,,,,,,,,,,,,,,,,,,,,,concept_applied,
52.1201,"Management Information Systems, General.",52,12,01,6-digit,Q61905,management information system,information system used for decision-making,Q11862829,,Q121182,,Q330268,,,,,,,,Q193351,,,,Q2920921,,,,,,,,,,,,,,,,,,,,,,,,,,,,,,,,,,,,,,,,,,,,,,,,,,,,,,,,,,,,,,,,,,,,,,,,,,,,,,,,,,,,,,,,,,concept_applied,
54.0103,European History.,54,01,03,6-digit,Q7787,history of Europe,"history of Europe, including the continent and nearby islands",Q11862829,,Q200325,,Q1949625,,,,,,,,,,,,,,,,,,Q46,,,,,,,,,,,,,,,,,,,,,,,,,,,,,,,,,,,,,,,,,,,,,,,,,,,,,,,,,,,,,,,,,,,,,,,,,,,,,,,,,,,,concept_other,
54.0104,History and Philosophy of Science and Technology.,54,01,04,6-digit,Q23035780,history and philosophy of science and technology,academic field encompassing four related disciplines,,,Q59115,,,,,,,,,,,,,,,,,,,,,,,,,,,,,,,,,,,,,,,,,,,,,,,,,,,,,,,,,,,,,,,,,,,,,,,,,,,,,,,,,,,,,,,,,,,,,,,,,,,,,,,,concept_applied,
54.0105,Public/Applied History and Archival Administration.,54,01,05,6-digit,Q180686,PubMed,"online database with abstracts of medical articles, hosted by US National Library of Medicine",Q8513,,,,,,,,,,Q13442814,,Q229883,,,,,,,,Q110211927,,,,,,,,,,,,,,,,,,,,,,,,,,,,,,,,,,Q30,,,,,,,,,,,,,,,,,,,,,,,,,,,,,,,,,,,,,,,,,,,,,,,,,,,,concept_other,
60.0505,Chemical Pathology.,60,05,05,6-digit,Q849994,clinical chemistry,area of clinical pathology that is generally concerned with analysis of bodily fluids,Q930752,,Q11351,,Q113129142,,,,,,,,,,,,,,,,,,,,,,,,,,,,,,,,,,,,,,,,,,,,,,,,,,,,,,,,,,,,,,,,,,,,,,,,,,,,,,,,,,,,,,,,,,,,,,,,,,,,,,concept_other,
60.0527,Infectious Disease.,60,05,27,6-digit,Q18123741,infectious disease,disease caused by infection of pathogenic biological agents in a host organism,Q11862829,,Q12136,,,,,,Q788926,,,,,,,,,,Q2083837,,Q602358,,Q87075524,,,,,,,,,,,,,,,,,,,,,,,,,,,,,,,,,,,,,,,,,,,,,,,,,,,,,,,,,,,,,,,,,,,,,,,,,,,,,,,,,,,,concept_other,
